alumno;curso;nombre_cas;anyo;evaluacion;media_nota
0058841abce1a6695a2dc6de4ac0c5d4a56f127dec5cc7961ad73266ef8544ad;2837625994;Primero;2022;02;5.125
007001e6824f5bf5cc97e958d8ffcdad5eee7436bba6dba94183f3a832083df9;2837632176;Primero;2022;02;0.0
008cc095621c3c7436bc51db2b7c555f9d0cf418f89ce6e83e4b800c821d22e9;2837625929;Primero;2022;02;0.0
01709b625d07fd122630b7be14854f4dc00af35ac13ed10874d3e17a7be56150;2837626450;Primero;2022;02;6.0
01d8c8f6c4d30c6c198f434dab761b3c5800667bd47a9657c8f12cfc0fe7af47;2837632176;Primero;2022;02;2.4285714285714284
01e78ce99c547ea7bcfdda1e6e836882c3c1d0cd223e8beba808d32265cb5d12;2837629448;Primero;2022;02;5.5
01ef3f9b756cd2a8884e417d4041702368f002daa9bfce26c4dc9e4f25d77546;2837632176;Primero;2022;02;1.6666666666666667
02cca79dfc9446395a3a99de6cd109247a5b49018bbaef9418e5770a2b079675;2837633032;Primero;2022;02;6.2
02e8ff46b1507466771b0851e85c27d6e571ba96ac7bcb86a9eb1d94de494c8c;2837626486;Primero;2022;02;4.833333333333333
02f9d89fb5ec71517e0b396026d611876a4185272c23fb9e87d4e51ae71b8846;2837629448;Primero;2022;02;0.0
030c807a607332b96f2d37394117fd275ac195356e85119ddbbada4d3afa9520;2837629540;Primero;2022;02;4.428571428571429
038e42b9b7505f08fc907d5c224e5e53fea97d895d0d497a7ccd25a94ca5194a;2837632591;Primero;2022;02;6.5
0392f6e50a2b27998cbd70b8ec5be2ef19149c1a07bde5109e21a58016aebe2e;2837626450;Primero;2022;02;6.142857142857143
042a5ef2d86d15f41333dc93679541707672d9474b573f0b5ede3a029339c6e3;2837632982;Primero CE;2022;02;7.6
04ae07e7f4e088f8e611f0adf019a565bf64175f1a0f492d62f91001174f6e36;2837629448;Primero;2022;02;9.25
058249467c578523d30da0b2c1830dc4497d3aaa4e2102a99e7c9bc3c552cb4b;2837633032;Primero;2022;02;0.0
0595183b4858c4f08f5c082671ac1c6b2039075cef6ccf734167a0afaccae645;2837629448;Primero;2022;02;5.333333333333333
07942bb867a9f0218f6f9aa45fabd590bc1836cb1db527c6b238d34bf0a32f9a;2837626486;Primero;2022;02;1.75
07b672f56c799c7074496bb420f6b8d81fa1a6e09083237ca1521ca19f1fc0c2;2837633167;Primero;2022;02;7.285714285714286
07bbeb2a379647066cedff23520197cf3e7a62f01261685df99e650f08dfc484;2837626368;Primero;2022;02;6.142857142857143
07ddefeed03da10c05a84d1ac1004cc92bfe2908037aebd41bb21ebdba5e3145;2837632591;Primero;2022;02;0.0
087df65591a3845b00a17ab78f9d4f3846e6983e2446501f5f2515b053a2db8d;2837633069;Primero;2022;02;0.0
08e63e844bbc16c30e22d5ecee9c51947e76b3e50b789482db809497f670e0f0;2837632176;Primero;2022;02;4.0
09361301f6537d0ad09391b54c3d75f1bb2304917c6357868ff875afe8cc96c5;2837632176;Primero;2022;02;9.0
0950caad2d73c946a861fa880e02de22289a3a74e9acac8dbbdecb54f58b55e8;2837626486;Primero;2022;02;6.714285714285714
097cec2e225cedf565b8f04172c3686dc04339a8449e4f9b80fe105e9d70b981;2837633069;Primero;2022;02;6.571428571428571
0a54eaedc36b1a4360d5863df3f83646a497d661a000e9b883bb3d25d11e93b7;2837632591;Primero;2022;02;0.0
0aab9c9a69368779e69a6cdde348b75589486d7baa908a75200324b9cd4c3efa;2837626486;Primero;2022;02;0.0
0ae2c03b7958b776c90192c454cf8d181da35eca88babbc17183689db54acb23;2837632176;Primero;2022;02;6.833333333333333
0aec2ed50e598513fd2e9767eeea78dfb724d6fcb5e3d5810b4cf853795d048e;2837625994;Primero;2022;02;7.125
0b047232ce3b8a9f49cb1258033c84f11b9e44d73bec4bab79b8a62e1b96191d;2837626486;Primero;2022;02;5.5
0b65cd026d6570f9f38d129a0df0cd016fec101c5c3cac101fa6416179b650c7;2837628459;Primero;2022;02;7.75
0be2184c8e3db3a1ff4e4fd35aaa9de8f9bb1cc3fdfc93c4d45061883f40b63f;2837629540;Primero;2022;02;0.0
0c188d7025576cb00e65e1cf4afffd99b9692b4adab060f4d7ca834873efa22d;2837632591;Primero;2022;02;7.6
0c33d0555ec9e8a55e7a5b15ce58ac426ffaa11658d2cee0fb304b268c33a758;2837625929;Primero;2022;02;0.0
0c4cf4cf0a45ff3cf2f86a3278b11ea3a6f44ee9652a7b160d9e019e5058d7fd;2837633069;Primero;2022;02;8.0
0ca2e3d5b9014ee207eab1fadc733a5fb94b05bfaeb66a4e08848670200f6810;2837632176;Primero;2022;02;8.833333333333334
0ce7cc98a272cf7cfee14322d80f86a81b1c67f4b741e0b61722c0b14903ded8;2837633032;Primero;2022;02;6.166666666666667
0d34d86f297e1e29606908b9fe0efec5279215be4c45807c5cd197d2e84a47eb;2837633167;Primero;2022;02;6.833333333333333
0dbba6b94451ecab96c0e259773dd2143bd42449efa1a397717148ed4c72e8a7;2837628459;Primero;2022;02;7.0
0e7b39ed21e223fb83f2feedf17e78bf13b07ccc35bc15d1e6098300048937c0;2837626450;Primero;2022;02;7.25
0ef63120235503b22bdea13de986ae298937497029d8d394cf397d101c85384a;2837629448;Primero;2022;02;5.75
0f573a592818a1ea4870fee046556d1a7e5281bd292340467698bed7749d03c4;2837626486;Primero;2022;02;5.285714285714286
0fa13567805909e872b6771ad956bf02e1c82786b497da53b8a4140537664660;2837632970;Primero CE;2022;02;9.833333333333334
10599c4ca09e2724fdb91ed8853fd26770d2491e785d0a1eeb6f93797252aa73;2837633032;Primero;2022;02;0.0
1082f5f2bd8bd98bd26c37fb810a9c611f12f12f25da69edd8d219a8dc7ae543;2837629448;Primero;2022;02;7.125
109e0ded5aea576c223db5272c59ecf3034bdf3bcd92961777a829b873d3198d;2837629540;Primero;2022;02;0.0
10aa9b05dacebfc50138b59bf5b9e9d75625ed986465340c4e9bc76bbd5d688b;2837629540;Primero;2022;02;6.5
10bab599e3d7efee830ceaf298661940eaf924c067505979252fd5f3c7c9a6d6;2837632591;Primero;2022;02;7.5
10e4b6635fbca4223eb42cea711481249b0ff7722b523b76f34ae195c5f1961c;2837633069;Primero;2022;02;3.5
10f74ba350cbeb2f4e25a29c5104fe6bc30cbca7ea10f43226fdbffb7b0e3aee;2837626450;Primero;2022;02;5.125
123109517ddf13fc4c692fc3304df4157d6193a2e7fbfd3c298564034a5b4d29;2837633090;Primero;2022;02;4.0
12610da21fa55907907e4ba0ad6124c939bf127e903f648969667f7c9076bb28;2837633069;Primero;2022;02;6.0
127675cbd59d344249f5ad455a1188242c9c4e532f5a017281a8a19f42a03e95;2837633032;Primero;2022;02;6.5
12ce795215fee2806672c09564966c5333b468723dc6aa4daa5e8212e3657fc7;2837632176;Primero;2022;02;5.571428571428571
130b72ed92e7355e4e0769b201d217c4236403291be7286432ba8f35f3fb0c60;2837632970;Primero CE;2022;02;7.666666666666667
141bdfcf0c2f76ac18e5e86b11c13209ca8168e2405ce4ffc42a772bd40cdfcf;2837633069;Primero;2022;02;3.8333333333333335
14350bba95ee94bde4b5976cb7485aedea69686cff91dd42918f02896aa9a41d;2837633069;Primero;2022;02;0.0
146150f98dabc2d585c56fc486f4f8b598acd672c29e900ca00d68ddacbb281c;2837633032;Primero;2022;02;8.0
149230cf4048e342089e82ff457a9a2c195bed5941ab8d72271a4ce9af7a2e64;2837629540;Primero;2022;02;0.0
152544c860fc255de9de6d3b87f555907a2067e45ed8949b8be2064d1299e790;2837628459;Primero;2022;02;8.75
1557e2e4395194ed7e55abe142832ebd684cc8229192e962133d9d39fd1039f4;2837626486;Primero;2022;02;0.4
157fd0f4e88d5f1686045eb3b3a2c0a8334e2f187ac954d82b86b09c883e5b90;2837626017;Primero;2022;02;8.5
158444a95577da0bad65171cab5921af5b46f62623d66292160062011741a83c;2837629540;Primero;2022;02;8.0
15b1d59ec6c67aa70977d22602947de00abb8a032fbec9eb84ce79dc8db2211b;2837633032;Primero;2022;02;7.5
1677bb700f0db7ecb6372de091b43f9a8875152fd3c2d938c24d2c762b7d34ae;2837632591;Primero;2022;02;4.0
1679a19c156007d23633c9b4b1b2154d63e647a6ca78ccc04e57c6a26e35925d;2837632970;Primero CE;2022;02;8.5
16dc6b813d568eb8cbafa17feda53de6cb59eab9ca46599d44c7769fec8d3ec0;2837629448;Primero;2022;02;6.125
17406015e83ab64e4f359f5255569ee4f5145e9e7591086aba71b668e1bff75f;2837626017;Primero;2022;02;7.714285714285714
174b695afdae521571074671aedd9fd2bf03b6409dd462a87bde94494b3140a8;2837632591;Primero;2022;02;5.4
18cb522d75456f772775c0772b3c917f878968f5cdab73805cae7d5f1f0dce3e;2837632176;Primero;2022;02;5.285714285714286
19392598b7642098738d12a82945e33585efc3bfce583ec033a19ddcbc60cd9b;2837629540;Primero;2022;02;5.142857142857143
197242238da0d59960d7a351b75c724948a5999b0fd4239882e0b05b62d32d20;2837625994;Primero;2022;02;6.857142857142857
197c397a0549cb072a7aa6a8c4998c134c68f385f9379fa0f15eb669b28b97fd;2837633069;Primero;2022;02;0.0
1985f057786ba3ff7bbcff5612ecd27aefdbedb69022f4c650c33193e3eb4770;2837633167;Primero;2022;02;6.571428571428571
19c8d4bf3e8d953def1da8d4c0a01c97c8e6f00ca3e110d224571dd1ffbf4801;2837632982;Primero CE;2022;02;7.0
19df4c6d35e6e1697fb2405dcc0848be5e53ee249afdabd5cb53ec503b0d164c;2837633032;Primero;2022;02;0.0
1a006f310aa9d210f8f99ca95b7114a2e0ce2054cc558f97736b55a597c4d6e8;2837632176;Primero;2022;02;8.857142857142858
1ab7a50894b370fb2cdb00dc6dd5caff3a0658db1fe3204ba39a1319058c5125;2837633069;Primero;2022;02;3.3333333333333335
1aeec7fad0ea7c8c5997ec64a1c4798d3a6a887aa277095ccbffaeb2edd7501f;2837629540;Primero;2022;02;3.0
1afdd839fb2aeadc122c51b5ef422bcae029f482e05d5770782802324473429c;2837625929;Primero;2022;02;7.125
1c2fab3d9f0d601510e01cc5b69c56cbc4c77c9ecb9b939bff68e6833eb0655c;2837629540;Primero;2022;02;6.0
1c3c44c7009014816eb6b9904f35b8d742496a299788d90977f20db321991c88;2837626486;Primero;2022;02;0.0
1c4667fdc9873c80902e1df3436f47776feed83dd4d8279a12f2bdc67845281a;2837629448;Primero;2022;02;0.0
1c4afcfb6297ec4bbc012003e04e68dc27e2444cb29137638cd98e426afeafa7;2837625929;Primero;2022;02;7.75
1c91d002bea147e27187d8e5807b3641d76db66e3ea03a32edeb7ec4f0d2e039;2837629540;Primero;2022;02;7.428571428571429
1d51e1727dcc4b7f4e689df3b04140b99fb944c5b1c3914caf252dd96e372679;2837625994;Primero;2022;02;7.0
1d52209fefc100999366b67f79bd0e752f023e7d5750928d681683a5da5d32d9;2837633032;Primero;2022;02;0.0
1e44ce31331191332f82e35806929fdd1aebebfeac238a1be11bc920331d895b;2837625929;Primero;2022;02;7.75
1e6575018f167006cf4b913a269408f0ac35ab20dc70916f955be37adcee4a4f;2837633032;Primero;2022;02;8.166666666666666
1ea253356559de3ec7096b38fa80beb99cfb4751aa62afd7be3ee7477058e3ff;2837625994;Primero;2022;02;8.142857142857142
1ea55ffaca42743b045a92edf15e19df0d4698a12b187c8e38836fa69c93fe8b;2837633069;Primero;2022;02;6.666666666666667
1ecf6ad030b2a1be0e2fb188a779801dc8676d4d1b7e482577311e366bf5d340;2837626486;Primero;2022;02;5.5
205b0a0dc3e92bd5fe4450ee8830fb98d829a9a0673cc8259382109bf12140d1;2837629448;Primero;2022;02;7.25
205ec0418243fbcc046da1c9a73f44d2d9dfb2aa21790b65dfa36b2b7525bbde;2837633090;Primero;2022;02;0.0
214a8040e4f21ca18ffbda47caa7630c14b9cbffc83404e5010c8b4929ed6d21;2837625929;Primero;2022;02;6.375
2179349120cd7bba522ad37eeb13f2a8b7ed3eee8ff0d362fdb540913ac3aed7;2837625994;Primero;2022;02;6.75
217e2e7ff80255422f1dc3a9cde36a7ac736b3165f3df2beeb80bf5a54195877;2837632591;Primero;2022;02;9.4
22442af4fc4749f9e1fbabf36fa2ba157a5aa1c5bd55dedb51e380ad66f54d9f;2837633032;Primero;2022;02;4.0
226ee96f1095778e4eff841ee9a121d8b242ff285c4970293862b2d30f28d66f;2837629448;Primero;2022;02;7.571428571428571
22931f866f71c986a85ebf9513a29edd1c255a21cca732fb6c0c9f2fd92e4674;2837629448;Primero;2022;02;5.125
2348b330a7c35d8881d87fb9e1de5ebbf59b938cff53e2dcecf2c26a177f2c07;2837632176;Primero;2022;02;8.428571428571429
237d4a56ee7ab2857c6e836b3239261544c3dc6a1b407209faf68d285bbd4e05;2837632176;Primero;2022;02;7.714285714285714
2484b8730d1f6b9d38133acf831cdc4c1fdbb82a7ffd7300e891485a4281b27c;2837632982;Primero CE;2022;02;8.4
250b80c70a3eefda45ed914d13a7db2908828c6f85e5add6071a986035b266be;2837632176;Primero;2022;02;8.4
2663fe2407f4b0fe4d98855dde8cfdfdf1e3dda6012482336f857fbc2fd11bf6;2837625929;Primero;2022;02;4.5
26709a9affa49732152112c781c6635708df85a8be12aea0d2c7b830ef34a718;2837626017;Primero;2022;02;8.125
267601cc0cb738a952571c94cf4face19d6823f235a9b8ab266aac5db3c3da9d;2837626017;Primero;2022;02;7.125
26c2cfb38aaf6043b63505218db0a22b3c4347af02fd2d764723d5caa5e2a91e;2837629540;Primero;2022;02;1.875
26c7a29137e52295f0f2b5147993cbb20502255745459cee70b008abc81ec995;2837632176;Primero;2022;02;8.0
272778a761a313fdeb1ce81e886ca7ae69bf6295acc19bd2492db2a87f26d325;2837626450;Primero;2022;02;3.7142857142857144
272d00652560f028ca1059ce3e9b10a71d412eef73bb73d9eb4858399275c403;2837626486;Primero;2022;02;3.6666666666666665
276c5cea84acbc24882dcf2b038bcce8b10d7103a70f74935798ac6b964839b8;2837633090;Primero;2022;02;5.0
2799e72fedd90b16687dd8d8cd7a614e119b06b3d69090b1fefd04a05130609b;2837633032;Primero;2022;02;8.166666666666666
27a883f586dec1774b548f8056d995384f38411a2b5e044c537aac564cb21f9e;2837629540;Primero;2022;02;7.428571428571429
27a9ffe8ea13c373bf9a436ec11c8d74c494d824de5b5e63cf0bab4130ed9529;2837632591;Primero;2022;02;6.6
27aac140e04e39327aaa53aeb55fd3a6d061670581f586f716f135f4c67bcc70;2837633090;Primero;2022;02;0.0
28564d86f43b2af403ef1b1666d7508c3d23280b587c2ba4f90095688aab3491;2837625929;Primero;2022;02;5.25
28b15cac95daeaa35b56a0afd031c031d739a58d9ab10202be975280a0f86f90;2837629448;Primero;2022;02;4.875
28b3975a643099c2da0929d635b949c23b6bcafc3a8dd2e7f707e72337955da8;2837632970;Primero CE;2022;02;6.833333333333333
28b9fb60a65000efa7c0f4e11ab769a6faf6010eaebbe3fbd7af9bcbc85d2326;2837633032;Primero;2022;02;7.833333333333333
2919f3b6f3d3e49bc30f0cdee8122992f0e5f86253639a1c8ccd11fb7b8567ba;2837629540;Primero;2022;02;7.571428571428571
299941102dbbd9256c256060e88653683d5827f5432937499ff8f70f714cccee;2837629448;Primero;2022;02;2.0
2a1a234640e8a78ad90a63ab1c572d23228fa9dfdb8808ec2a63b898742ef733;2837625929;Primero;2022;02;0.0
2a2c2dfb1ca73fe9cad970dc92631c5ba5121878152a025672fab207620f0787;2837626486;Primero;2022;02;7.428571428571429
2a44c609200dc0586902f889d64d83e2fceb4a7413a4ae29fd1b0dafdf18a368;2837633167;Primero;2022;02;6.428571428571429
2ae9eb7cd5d38e84c9dc437c5512d09b5370b1ad7f9517a8968790bdc8d1e5db;2837629448;Primero;2022;02;4.0
2b175a7cbc7a4bcaf35ca6156e76ebadcae6fca0af2074f0b3343df9f78dbade;2837632176;Primero;2022;02;8.714285714285714
2bde925f5b29772b10b8c1311059ee8b1709dbc7a1bde90230ddd05c4b2afb75;2837633069;Primero;2022;02;4.5
2bdf79ae6ca0177498e18af2a6212d94b981ffe7000a9338d16fdb062b02469c;2837628459;Primero;2022;02;9.5
2becf3b63fa430246e0c1c9e5b521c2a68d77bbea8e8b450e64160390680c1ac;2837632970;Primero CE;2022;02;7.666666666666667
2bf309b19c214ce42793a83d938285aa9c8c9464780dd5d069a75fbb1718bc13;2837629448;Primero;2022;02;8.375
2c51acb048080d8b38854c2b4fdb890269b1793a3a7ec8d437d39a2fe98aacd5;2837626486;Primero;2022;02;6.5
2ce7023bad46a002be4e4ddfd22c73138a3a27ebb0268499ebedf3cce6464a63;2837628459;Primero;2022;02;6.25
2e03d78e94a7df35685cb20b4ea9bd77778eed107a02dce97d0d36ad5226697d;2837633167;Primero;2022;02;3.857142857142857
2e4432142cbcb918bcfcaaf2c73b0bf1a831752976e64cb0d88b3180676892fe;2837629540;Primero;2022;02;8.714285714285714
2e7ccb975dc396d53c23efc3ba56a69816c0d0e9bdedc28ad2564b0680ca6515;2837629448;Primero;2022;02;3.0
2ecf4da0fa381452d439764dbf951cd6fe9974b866a43daeb42cbd0dfdefa945;2837632970;Primero CE;2022;02;5.833333333333333
2f6cf82aa0450bd24028496533cda0180cf7547a70cc5840246bcc853bc36142;2837626486;Primero;2022;02;0.0
2f7bd229de0aacbd2a21eb5127cc48940486c30ff639b440effd1089eddbc56c;2837625929;Primero;2022;02;7.5
2f85ad136207c5764df4481ef0dbd96b12374dde96bec6a7cf44b988995b4902;2837629540;Primero;2022;02;6.0
2fea3adace5819001bccf673e78852825b47593533d74ab9256d5905d7eb8de0;2837632970;Primero CE;2022;02;9.833333333333334
2ff1d07056070ccb014c2042500227aba87900f849d4a73d5a8063968ec78db1;2837632176;Primero;2022;02;5.75
306d62e93d55cda1e569fa687f3ce317875097f186ad4fefe81ad11ab28c2058;2837629448;Primero;2022;02;4.625
3129b80ea6b7259afd458f94d038b99f3dbf02a324f64c1d30f421d74788640b;2837629448;Primero;2022;02;6.8
3187f0400d4c0d5d5ab75c5954c758c17577133d3e1a27b6cf913242e5588f2d;2837628459;Primero;2022;02;4.5
3245b7fa03e10f8fba141d00ce911a2850db8707a9e853dc4c874339ddae79ce;2837629540;Primero;2022;02;0.0
32d9d18f9190a9b03fcf7bc648601ed80f0c23176565204ed6a0a363e08221f3;2837632591;Primero;2022;02;7.8
33a5dd251bfbd4f599713caf9ef4c74ed622efbef0349fe855b4e700e8779a38;2837625994;Primero;2022;02;6.25
33a6d1b4f3e6ee31beb2d964b6bb25a925bffc61db7efaf8163b7f5724fcde9a;2837629540;Primero;2022;02;0.0
33c15f2e6402ec72db71289b5312b40f29fa5bde535ed49d3e7711157305ee5f;2837629448;Primero;2022;02;6.625
342bf16c243e5e197f48c2bc6a3c046e15ec4bf32e41e327ceb30ceae9016511;2837626017;Primero;2022;02;9.0
346e4d6a69895213d3a5147a08e7b33717d3e80a0b55d8932a8d58a9f93a2dd7;2837625994;Primero;2022;02;7.25
34882cf462d6839f81cade7da3d229f6b47cebe4bac99c7a0d1316df2645ec75;2837629540;Primero;2022;02;5.5
3491a561d7ed1b4005f3ce6d5131319e30d5ac3e42eb044bd60e938777dcc80a;2837633167;Primero;2022;02;9.0
34a276d07b421979e86a23831bb3756c9f95927d21b0d770d3d535a614121a07;2837629540;Primero;2022;02;4.0
353d71f8cbf7fb47b9a9c46a699aa598b0c482b7e8ebd60bc33c999f4b9ddb53;2837626368;Primero;2022;02;7.0
354504a4d94fddf296c62ce897c501f3c64b091b89fa23fa7f2b30db5f33bb91;2837626486;Primero;2022;02;5.75
3585c9cfef31938125aa2a38df34348c207dd039dfaf1aee71497e666e3af057;2837629540;Primero;2022;02;7.0
35e4eba95ecd340b16c8673d1960bf5326b9e33e68d3c9e38104498eb71e9b89;2837628459;Primero;2022;02;8.5
35ea6d4962f3617fa0320be89de01d5d27980b9b200a5bbcd06069b0912a4c4b;2837626017;Primero;2022;02;0.0
36b6bccecad10bd8874bbe3121f74a73bddabb467ca312b142d0a5759f6865e5;2837629540;Primero;2022;02;6.833333333333333
36ef524a5a1259ca51af4c42ac9370c133bb5892eebe90f07eafff822e2f5f7a;2837633069;Primero;2022;02;0.6666666666666666
3750e770c7cd71c2a6aedf8d8072fb5f04c1af231aa452e58c19b8953ff91d98;2837633032;Primero;2022;02;5.0
37e0b77c43dc6e126988d259c17ecf87cb181b3978869182065dfb0dc31679d0;2837629448;Primero;2022;02;8.125
384adb50feed1cd79235f975225d6f986e1a36dc0784c37b4ffa934c1ac0196c;2837626017;Primero;2022;02;0.0
38d590a9e879a5031a3c3be319b7eaa3102a9c913e8ac37c4803f522bce2421d;2837625929;Primero;2022;02;6.625
38e3afae64d65bb05b989abc70a96a652de5aeeabeffd85349f085e515113835;2837626486;Primero;2022;02;5.0
392e45e0bda3962bc5d0336a272cf2f6a16b098392b46c5bfcbbd66e24e9e227;2837626450;Primero;2022;02;8.625
394cd6c0fbe5efbcd33aab491a1d72801cafdf37730fbe4f26b35178819d57a1;2837626486;Primero;2022;02;0.0
3a0ab5daa485eb4d20f430c0fff96087c0dbfbf969be124b6358f9175ccd02e3;2837633069;Primero;2022;02;6.571428571428571
3ad9ad9234079bcc4d97a101a43f36ea206b9fe425c3cbd0e8353c6929a72f33;2837626486;Primero;2022;02;6.333333333333333
3b1326b6834cdec6778018caf1a621accec44c0c89c09e487acf6a38ee25e2c4;2837625929;Primero;2022;02;7.625
3b570cb5d94157c852b8b1d795afdc7f364915e1c47ced1ee225765c87725543;2837625994;Primero;2022;02;8.571428571428571
3bb8fc7790617e09c11987735006c5b86c2ab84cc38b7847e7ccbb7a1cd7cae5;2837626017;Primero;2022;02;7.25
3c1d49f07f79a4db050e97f1f1afe3ad65140acb0e306d78176dd92bcffe9bce;2837625929;Primero;2022;02;0.0
3c29bcc94ce9e1941b63142fcb6a5ab2c9835bab7f57eb8bf30e5fba9ab636f7;2837625929;Primero;2022;02;6.0
3d0edd9ccd12b1945a3eb74ecec2add3e122cda2ab72d123239e9e2e1d334a9f;2837629540;Primero;2022;02;4.0
3d5e5c64aa61950f9756d47240e144863f4d135585569fb303492a9560ca5e56;2837632176;Primero;2022;02;9.0
3d8a27f5678756ff113213ee8898bd8a9afe969c2bc15d5729eeacfdfa10616e;2837633069;Primero;2022;02;7.714285714285714
3df3d95c45c94e9747e6dbab0be08b03efc8ba577a073e07982228de5dd46b27;2837625929;Primero;2022;02;2.875
3e2dfe57442b6a42742790533d632b447ed51bce14b09913610b5fa2f3ff0867;2837633167;Primero;2022;02;6.0
3e7b680bf6d44ddf1955815342fc863d661f15afb08899511f8cc47f3977c010;2837629448;Primero;2022;02;7.714285714285714
3e83414ae00ee25bae9c13a79da8f9ab355f27d6437b45e5faca749da09bb266;2837629540;Primero;2022;02;8.0
3f01ae0bdcbc48e89fbcebe09189ccc6f9c5c424c8f03b890a887acf9620ffe5;2837628459;Primero;2022;02;8.25
4011e421a2c30ea9bd7988bd27a9184662a2fd7ed1c2a0bc6c4a25f4e27e3f42;2837628459;Primero;2022;02;8.5
4017d41041797836a26f3d31249299e804b8358d3004815ed700f9d29be85ec3;2837633167;Primero;2022;02;7.428571428571429
403b11b477b659ec7ce43f23091b0d4bee0b33416aea269ac6d96adf8e10f953;2837632176;Primero;2022;02;7.5
405cfe00b755f18537d8cabd6b193ac6bae10fba4d88fdfc602afe47ac76d97e;2837633069;Primero;2022;02;5.5
40979e4ac85aa1760e70208d14fb7a31c8fbce69c344a6252aaff1c8cea092a8;2837632176;Primero;2022;02;6.0
413bbf49a8278e53f88dc2ab343a09c2b420e9a9943f19f69c619566bfa23cb8;2837628459;Primero;2022;02;6.25
414ba229f4cc0bf33e07985ebf6ca68c828d572d5a6377521926887d1e40cfa6;2837632176;Primero;2022;02;0.0
41e8ec071a7b7e808298443b9454d60ed303c2293936ef8ffa83e63984afee27;2837629540;Primero;2022;02;7.0
4260c7882ca3c2d06d886a7c1fbca3397809157a544c9975e7384600a3989564;2837629540;Primero;2022;02;4.666666666666667
426376d828007b1d2e75c372aaa598179fc30a8d23036af5ca47c6e7e6436181;2837629448;Primero;2022;02;0.0
431030cbf057d379079326285226e098a1eb0967a6b838b37aa5ec05faf78965;2837633069;Primero;2022;02;0.0
431445b90d6399d0dfe731bc85c635d46945c97e43b39d601224e4b60962fffd;2837632591;Primero;2022;02;8.666666666666666
437f83635da6c7ce710e371578bebe6d070bbf174dc056e323e735423626d74a;2837633069;Primero;2022;02;7.833333333333333
43a5fe7b8ecf73dceaaff1cfa5a9f1f2f50b409b0a6cc3ecefa60cd7a9cb6fbc;2837626450;Primero;2022;02;3.2857142857142856
43c46970574c8b2d8f62cd1a2d4ddd424e26a93fac7bf9fb919c68645862338a;2837633069;Primero;2022;02;8.666666666666666
43ee87d3d4779a830f1ffb588d030b0dd000a033eaf4e2b1e7e03126809771ee;2837632591;Primero;2022;02;6.8
4423790518129778dc0fb3e141d31b901d531031313980ad691f44e110cb0d77;2837629448;Primero;2022;02;7.375
444fcd5bde5486a8323e3f33b420c71529131c1c458b54a9e3b22f9932bfe2b4;2837626368;Primero;2022;02;3.75
4451ede995e057278f6ff827cbbcfc4ebdb730fd83e132f4e9f1e1b6cda9fb2f;2837629448;Primero;2022;02;0.5
44dbaca593235a727f5b85f24290d8e5ecd4572a632f891d2e850e6bd1698950;2837629540;Primero;2022;02;0.0
4501a3778a75befb4cb85c71362b9d0c7b87f22e741a8d54c12db931bda3cc80;2837629448;Primero;2022;02;7.0
4544f558176ea73ff347d3a6d7ae6ffc06b2d6d1811a3696eb39c84caf8a2a41;2837626486;Primero;2022;02;7.5
456041db73b354b7887c738ff986ff999b0069dc482476013e9b108faac5d79d;2837632176;Primero;2022;02;7.857142857142857
464ba005444eeed072af49d3b87b1b70ae24a2b984a3fae0cc653a57d5fd8df8;2837628459;Primero;2022;02;7.75
465204387a3c8355eadf7f6fe151304bffe6992aabfb1d86bdc2913dd52e110d;2837632176;Primero;2022;02;2.75
466a45d78d50c2be229973b0f354f1967e2e8f2430cac2fcde2f5fe37c1d30dc;2837626017;Primero;2022;02;7.571428571428571
46d7fba8deef3f034b6b40cbfd8502715dd1bafcdd0943a9b6c16fdab8fc841a;2837632176;Primero;2022;02;6.0
47373eb5accc55be3e28bad9ff0547c9e94a734cefe0e14449818e3bb09e509c;2837629540;Primero;2022;02;5.666666666666667
479df5a6285685b81a4a125be53840f640285232b80185ec653637b8b50da26e;2837633069;Primero;2022;02;0.0
4819291d75d92659abd881aecb26688e4f772095e9ef820d2c6e86e00c368c9d;2837629448;Primero;2022;02;7.375
484c67095b3ea4d4e196497e6ff9e032f674760bfd4faedde552076fed183ac1;2837626368;Primero;2022;02;2.25
488d1f5a01fcb5b9fcb0c3dfad2c044cbb2edc10a69f31c6b19ced4a40f1ed87;2837629540;Primero;2022;02;1.6666666666666667
489ee23d60c186ca0ec6b2e626d0d73e0b2c6887f8d5982d04f2689d36f813c8;2837632176;Primero;2022;02;7.714285714285714
490a0641de7a25b3c48e4cc1effbeda302d999aee1b563cd0174b3a1058cb83f;2837632176;Primero;2022;02;4.428571428571429
491c68608d3986c87f29255e2af6eedb252c4a19a7f710ba2268f2f0ce9e14e6;2837632176;Primero;2022;02;2.5714285714285716
494cf341c369db2a8b8f04d1a3ff74f578cfb816f5990a925ebe665777dc6af2;2837626486;Primero;2022;02;6.833333333333333
4984773d1fdf322e8245eec898a2e999d0735031923dbad5505dc692506232cc;2837629540;Primero;2022;02;0.0
49a6db794d9df9f5b6715ccf7c359f725cae9c9f95c4c02971ba32e36dd299a5;2837632176;Primero;2022;02;9.5
4a0255ff097a4ab5360244433a8cd8d61179090ca7893f8b8feb169ae406d41f;2837633069;Primero;2022;02;6.0
4a2301dd1897670b93f5ac5152548d572a887148a7018262d4e5f47239daf691;2837629540;Primero;2022;02;0.0
4a6c0c1887db2a28f1f540790a670356735f8dd6c55d443fcb5b4e5034964c33;2837633167;Primero;2022;02;6.833333333333333
4bc1649546a435c20c6d4cff2689e052a0616fd5fec1914882fee04e35df2fe1;2837632982;Primero CE;2022;02;8.0
4be3b6326de9f8b4944e79aa226ab82bc1e79cb03ade8cb5eb1532fd34b8d3ae;2837632982;Primero CE;2022;02;6.4
4c2117ada8b115df48e4e7ad83d549d45a9fe976c05a19bdd85b22d5e1bd77fe;2837632176;Primero;2022;02;8.428571428571429
4c4df826bf8a6a22f1890b46f6e5eda7738905ef37ffe0e3b4d7c68315118f42;2837633167;Primero;2022;02;4.428571428571429
4c668ea6cd53f58b88be1bb871d1561077727cb55f3ad98114d483b8a2daf813;2837633032;Primero;2022;02;7.833333333333333
4c7a90044324b30bfb0199df8f1cd6f198b12702b8f34697394893244e2fcb6f;2837632176;Primero;2022;02;7.857142857142857
4db1778002790faf7b09fe76c8158c9500e2b7a24f4b5bbee9975f6606c4f4d8;2837629540;Primero;2022;02;0.6
4db733342ec336c815932952ac82c17b43dd8c35abf9fb6eb412efbddc03a065;2837633032;Primero;2022;02;8.0
4dc742ef602188b9d021eaeaedd80c380f4b2f3a424a49cf02af075377b10dd5;2837632176;Primero;2022;02;5.571428571428571
4e2c1436a1d06765eeeb6cb2a2360bda5ed5e7e04d90486d4e825d9a0bbde8e7;2837625929;Primero;2022;02;0.0
4e647a68aeeeecfbc929a67c335f788b69c96ec96c05232350643ee2591fb47a;2837633032;Primero;2022;02;8.0
4eb8f024ede2259d0cedc3336d1e9cca418ef311172a244c40344002014f34cc;2837628459;Primero;2022;02;7.0
4f27e7198bb268d4e6144d551fee5e402103354aefef72f5ac9eb56419079046;2837629540;Primero;2022;02;8.166666666666666
500cd35629dc58b0dfa4a33c31d2c6a00782117ec682670bea38ccc1a6148b71;2837633069;Primero;2022;02;2.6
50930fe0aa41dcf75af6baeb55f1f67cedc053f7ea978738dd57bbdc604b7409;2837629540;Primero;2022;02;6.25
50beeb9b4075e47eb824def8727ffa27183b24a2f133a0490618475104103ffd;2837633032;Primero;2022;02;7.0
50e6a2dc89744f0652809ac3bbc658a92938a9b44c5f7ba4cb3fd078644165d5;2837629448;Primero;2022;02;5.0
51608ce22ee037b369594e9ea7e1d775980f0fb7724bf7f394dd427dda14d6dd;2837625929;Primero;2022;02;0.0
51cc3d4dd326b5057a5ea0c60b34476864a30debde91c12bb6b4fa2d0d270f23;2837626486;Primero;2022;02;0.14285714285714285
52897d1421229ca39fdfc095b06296bb56709f2888925d9dabdcad3e2d32f7bd;2837633069;Primero;2022;02;0.0
52b2857a57f8c9d9bae96291cc6345da216e2735a02ace55b0e31d981d0a8706;2837629540;Primero;2022;02;7.875
531ea57e25b9bc7d188778e104e6f68640fca2996b37c1db7b81932ba13ef819;2837625929;Primero;2022;02;8.75
536cf5e26b66fc64f1b47fdc5fc36067c073b4b3ef4943f3513d98cff09d323b;2837633069;Primero;2022;02;5.333333333333333
53f71891cbbb8cce290583482aa4a7af6bfb9abec94fb51e73316452296c52be;2837629448;Primero;2022;02;0.0
53fbb36f733e39ba5a30f1872b247eb1e1a4e181aed42c09de990d59cc6f506f;2837629448;Primero;2022;02;5.5
5436a18a91dde9dcbed4943aea33ab1e531c160273e7c2916fe2f436d3a8dc2b;2837632591;Primero;2022;02;8.833333333333334
54594d1b4f269bc75e9a5aab725a361606444b620c2acda8b4b670d1b12995aa;2837632176;Primero;2022;02;7.857142857142857
553966c511dc85b5e5ea9be00ca6cbeeb7701529db96022404dfe25539bce5e3;2837626368;Primero;2022;02;5.25
55451905988a52793806eee427b27a6ef1b3eda87699ca90191129349350e138;2837629448;Primero;2022;02;8.666666666666666
559944315522704249a20292199991c26b8ad51c80abe33b573c8c31ffddd763;2837629540;Primero;2022;02;6.833333333333333
55a4f3d7459c08ca2ba1228e9028dd90dd7cd3b019619dc88506ed52567b6b5a;2837632970;Primero CE;2022;02;6.5
55acb9363dee50025328fc489a0b0822b4415e649aefcf7a12a0c284a80cf8db;2837632591;Primero;2022;02;6.2
5639a722d5cd74e4ee71e8f27d774d18aaf14b24a199d3f1fd844d927c111bfa;2837629448;Primero;2022;02;7.0
567541cc89445ab4fe98f3b96360320fe001a7897e502ceea24b51b21039b593;2837632970;Primero CE;2022;02;5.833333333333333
567ef174d0759142c4d182304ff0183957b1443b70c8321ac6d44fa663d5f527;2837625929;Primero;2022;02;6.0
57bc3b44b8be47e759b340ca716cc6c191b8c4d8e14efc407b279f42017cfa68;2837633069;Primero;2022;02;5.5
58f2ec0a7d008bd8cfc07f671ab5d912ac52221ff3bde3b568e1c8234890c6f4;2837628459;Primero;2022;02;7.75
59529aa3f0b400831898e97338ddb3f688ae1a49985ddb524fd0823bf6aaca54;2837632176;Primero;2022;02;8.857142857142858
5983d7c16ee833ea3109a1aaf162c8ad40d9cd18484035992d2b97defd81a3f4;2837626486;Primero;2022;02;8.0
598d07d265dcb16f29699165ea79956d58eb3f5d7f453abc36d7f6c305514e5a;2837632591;Primero;2022;02;9.166666666666666
599617048c56d45f45442b8dd5ce05d1eff1234628fe714b81c2429c3494bf64;2837625929;Primero;2022;02;6.142857142857143
59e8caa76aa5f48d357d06d31a7f730f824b5785266b684af399eb4899bc872d;2837632176;Primero;2022;02;7.714285714285714
5a734858a168ae37240f29d5f9d4e1a54b5642933f2960b2b377e6ec2d06aad7;2837632970;Primero CE;2022;02;8.666666666666666
5b8b5cf2e035a3193f2e88eb00b6969621fe9c9f20bada912770ada11ee6fb9e;2837626486;Primero;2022;02;8.714285714285714
5c2d73e4830a5f80a02d70a4db4c8821f62a49cf2b7fc7c52fbd3a10a8c7b7d7;2837626486;Primero;2022;02;7.6
5c44b1b1928ca402454a52cb61cade1a6e0f6cf87dbe0d645c565c69797a2bca;2837633069;Primero;2022;02;8.8
5c589e4881c3713c61ff943c3d3e92ca7807c1a14a550082462afd7eb64ffc5e;2837626486;Primero;2022;02;8.166666666666666
5c5fa0425cc2704bae158725b5300770199f3393dc02956c50363180d4d44b64;2837625929;Primero;2022;02;8.0
5caf5aa99c3b2d5ded4e02a2486e4015568626acd2b905114e2441be742882eb;2837629448;Primero;2022;02;6.75
5cb8ec12e041b1c24592334b9ce0a03a90373fbb8439aa684571e03f07ae6b65;2837626486;Primero;2022;02;8.0
5cf942705e176e22dd2453f0cd90307ccb59895473066b1b4073297fda486cc9;2837626486;Primero;2022;02;7.0
5d3c7aaaaecef4f278fb883cdbc89a764f21f02ec2ab6da2fc3274304e93a080;2837629540;Primero;2022;02;6.142857142857143
5dc884eb645d6cc49b19a742435ceabed7282dcb7f2f1e5371a4b5f9fb6a4269;2837633090;Primero;2022;02;5.0
5de37177c3d6a9607a3781b7f6f628e6690ab48522640dd72231d88d19a56b05;2837632591;Primero;2022;02;4.833333333333333
5e245985a1c3f47597d667f7ae56910e63a35f85523c24a907057ab129073dca;2837626486;Primero;2022;02;8.6
5e4c7eb64af4c1e2e5ea6ed95aaa79af91394f2503788ddb84d250b51518680d;2837632176;Primero;2022;02;5.0
5e5c9e45f54288dc8d1ba2410be6d6ed4211e9310d4384a60c744b097fbccdf6;2837626017;Primero;2022;02;8.75
5e94f8dd17244a875a0fc1fbc7e24382949f5eeb1342c1b8d4146b2c89aa8d55;2837625929;Primero;2022;02;0.0
5ea5306b5a8b68af7e3f4bbcd428914f68e8090ed12c4e8362de0b6bb22b781a;2837632176;Primero;2022;02;5.428571428571429
6037f47f392513b281062ab2d5587ddd757cfdeed8fc284974a7925b6f0c69b6;2837629448;Primero;2022;02;0.0
6074ff15bab99a1f4e4856184cef20f1ac933f578e4f5807e8f16a85d64fa3f2;2837633032;Primero;2022;02;8.666666666666666
60c3f0cf2ff09c6b08db1d800d360d04164d16b6bf73154fcad390febb265a56;2837629448;Primero;2022;02;6.714285714285714
60e300c24c4a1b36a607f60b98b2152550a5b3a63bc0c1d48597e8a027574bff;2837626017;Primero;2022;02;8.75
60eb3766e942f17fd78ead2702bc9a3babf66dc0e746a167b455298f769d566b;2837633167;Primero;2022;02;4.857142857142857
613a8543d155bd12d61ce4a45f796a3b67f468f37cca63518695e15060401db3;2837633069;Primero;2022;02;9.333333333333334
613f1396ab6835b2e24dba9c330f35ef974d1097559c1be34bd33515fa6f69a4;2837629448;Primero;2022;02;9.333333333333334
616bdf277d6d355b16526f88bbf13955ac8029856b0b02693a278bdebae0814a;2837632591;Primero;2022;02;8.5
61c315f099f96af1e0ea1da1a8e4e35ff521a701ddbdee143db9fe0af1333f3a;2837633090;Primero;2022;02;0.0
61fc48f335f9e9c0eb3b9e97c4ba1b3d1d43759126178aae84b7e4a02880f97e;2837632176;Primero;2022;02;3.7142857142857144
620c356c5c57ec6077e065f23892495eefc302f847fc81ce2212c6d50a12cba1;2837625929;Primero;2022;02;8.0
6260ec64c941ac6b0695cd1471e09b228844d376414246ad431aa97457365634;2837632176;Primero;2022;02;8.857142857142858
636e615a549d808b4bd8e627d9e797b77e267f71eeb48ad2724d2573bd9734ce;2837632176;Primero;2022;02;8.571428571428571
63de1345a548c9fbc5beb7ee59dfff4de6a3b372ce83db9c666a74ed6875fcc0;2837629448;Primero;2022;02;0.0
650b92c53bb80867066476f4961aef882737fa2cdad633dce8a35ea8ec87dda7;2837626017;Primero;2022;02;7.0
655392c714b2aadd003e8f95a85441f99f7675e53c8829e1466c1def32028ae1;2837632176;Primero;2022;02;1.0
65c2b3f44a8263533e0a0da448dc504998c232798bba32d1e16f9e1658087578;2837632176;Primero;2022;02;0.6666666666666666
65ec285179043e2ad8b1a672bccd678d01ac157e618c6737af90d891ddf0dfd4;2837626486;Primero;2022;02;0.0
66449f37477fbd50d6c31609113603323d18993323d3f4ed69d7843b8d0421de;2837629448;Primero;2022;02;0.0
668c6e7f60122271f6680a33b204c015f9c79311091929ac2e525f92e3c0c185;2837632176;Primero;2022;02;8.5
66c6a3be06ea94ac74efa6bee7d2394cfe71ac8c123ede4688aae30505c4e650;2837633032;Primero;2022;02;6.0
673455082127a82517aca99eee28ba9366dc97901c7db2dcf4c4d6b95a7e1649;2837633032;Primero;2022;02;8.5
67a7e499ac42375c6c25ed7467921c826f088a7315867eb0961808ca72871717;2837632176;Primero;2022;02;7.5
67e52991881c3d6356c865f5f43314f6bf57bfa6982668950e2b04e44cf6f4e1;2837632176;Primero;2022;02;7.428571428571429
67e9ee92b2f75ff7161cd61c9b6d291eb307b2bd15e9190797d6da425aa4abe7;2837626486;Primero;2022;02;8.142857142857142
68151784a03532def87e077e6743fc4804094acd0d5857b8afd187f4db01b455;2837632982;Primero CE;2022;02;6.6
681e14d48c3e386c9245faaae7d421f18b422079cc1642d626f6816dfbdf350a;2837629448;Primero;2022;02;6.625
6949192f23a00cc8b0e95b8eebb9f85b88499aa8b80f26879115512403373824;2837629448;Primero;2022;02;0.0
694e489763149c14714bec19696291174aa60f82bd2e5b117c7c19ea87deac08;2837633032;Primero;2022;02;0.0
697f33b5ed22358175cac0ed152264d736cec9c9cf8216312402ef70adefc0e9;2837633069;Primero;2022;02;5.0
69a63826f96ce933f082d6c9a689a28ec603b5f0f92e96f2dffb8fa44163315e;2837629448;Primero;2022;02;7.4
6a072f849cf799f81200d3ecd78f96db3cc919214338f98c1f3cf00329c8a047;2837629448;Primero;2022;02;9.125
6a3c21742755d02a43bafefe50da3620b5afe74e95e6eac51a4d1cb71bb2eb4f;2837626486;Primero;2022;02;0.0
6a468e32c2f55ef0d097abffc0b4f0dd2b9077c12bf40d09633d55074e709e17;2837633032;Primero;2022;02;0.0
6abc361be473cd05c1ec861d775abbb34169647d8ef2e5e41a8600e96d68b299;2837628459;Primero;2022;02;5.75
6b8e0d8f1387ceed3471d877dc1374f3129e083b333731579002910f924cfd30;2837625929;Primero;2022;02;6.5
6b9c86275e2ceca393c223b5b11d0e85cf2864786dbae6f0699db8e58d9d02fd;2837626486;Primero;2022;02;7.5
6bcbb2e902d7b4cc7dee4609bde5622a8de69243aa3f14c5ace440a9765f7b34;2837632591;Primero;2022;02;6.4
6d5d27f59c8ba5e193d37f8fbefacb5add5b30ff3f03d499f61f04f790838f62;2837625929;Primero;2022;02;0.0
6dfd610146c714c87b54d6e770ace14ea9ee31adfb3876bc57a51af77b980fef;2837629540;Primero;2022;02;5.666666666666667
6e0537439f5a4f8ae1fe9bfae1d372d86d5d7066d3079e3af5df8f3ffe699f58;2837626368;Primero;2022;02;6.75
6e0ac8228a912eb9933e89f2ea04bea0d24b42a0ab7546cc3541787123d5ff37;2837632176;Primero;2022;02;6.25
6e940734b2665e1cb57d1f02f3e6d190bf62623134fe137ae5f5d7feac2fdbb2;2837625929;Primero;2022;02;0.0
6e9baf2ae8d6c178a350df45f821dd1b2ca6837f7f063fc01925a4dc4474aa78;2837625994;Primero;2022;02;8.75
6eb64d610f001ce1c00987d1cf85b64ab58f63b2f13da7d78aa9ec090c340d9a;2837626017;Primero;2022;02;8.571428571428571
6f19cace85ddf4050b19e98bd37a2a6c607702f4a117e078f46140e1705c9e8b;2837626017;Primero;2022;02;0.0
6fef327c6c912b68b9d8e6020f13395e9d531c03a7a6f7d150ef3b0c68b4e278;2837626486;Primero;2022;02;0.0
6ffe2095876474b3c303a861bb29fc9f044cb16539e7a684429343ccc3239408;2837626486;Primero;2022;02;6.166666666666667
704d0c4e3dd684577649f596ebff8215eda3ffa1884f551453375424ecbe34c2;2837633032;Primero;2022;02;6.333333333333333
70e0a3a95542708514c4b9265963a7c39b8912087d989d0fad8bbc2d3cd48f8a;2837629540;Primero;2022;02;0.0
71621c41dd3d7e345b04ad8285aa3f55aad9a0844d2cacc75349716eb922ed99;2837632176;Primero;2022;02;8.142857142857142
7179c801adc189fca9806c011444e6211100252f4cf4c12ab7f5dc9d2779032a;2837633069;Primero;2022;02;3.3333333333333335
71c9d1275d6e558b680661729361e4b7a422413731d761d751de7f371c4bdc65;2837629448;Primero;2022;02;7.5
743c5695b346a10645d73409ec01329c1690f32a514311c1a65e8eae16cd99ac;2837626450;Primero;2022;02;4.25
75202853ac7b21590c1560952741d72eac9249a7e00addc0debebf5afb1f4b38;2837632982;Primero CE;2022;02;0.0
75224c1884d64de8ccf47d449a22c02d83b86e3684ae9c6afd6fa5eefb9fa4ac;2837626017;Primero;2022;02;7.625
758213f729ec656e0d80c10c807637f1478227df47877059a557bfea282cf99e;2837626486;Primero;2022;02;5.833333333333333
769f7895d7ed38a6c2977090cd16ff5c17fec9f6b3eddae3be8fc1cdca90f30e;2837626368;Primero;2022;02;6.875
770a2e2e35fefde1d8b56be496153bb2707adec42fe0a7e32a4162ce4249e5eb;2837633090;Primero;2022;02;7.0
7726ab6caf2139fc83faba8031a06b942c2db3a6bdcb8ca9b9364a251a669a00;2837633167;Primero;2022;02;8.571428571428571
7731a7130e91bcf33a758f2e291982b31605ebf64d5e92956a6916242cadaa61;2837625994;Primero;2022;02;2.2857142857142856
781047261c3be58eb7d63284042ac68eac93d6bd6d473ab2cbf3a151d68cbdc5;2837625929;Primero;2022;02;0.0
78869c565dfecead9dea6d715096f613207c5272863c55c7100155d6bfcf18cb;2837632176;Primero;2022;02;4.714285714285714
78b0a2a975af87ae5c89eedd8d496c68f628057e3d0f8d967b281451c8f2f601;2837629448;Primero;2022;02;7.0
78c2b0977fb8ca537b919603b0ef42d73add4f8374fe576d46777b9c9d9c92b9;2837633032;Primero;2022;02;8.0
7924906b7cf9fca33a6e37cf8140edc38efcf43d57d8b4e8be7c1e4dcf54f162;2837629448;Primero;2022;02;6.625
7ac1297e9020de13fac113c22b69fbecbc7de158e219118e2db3625b10405a97;2837633069;Primero;2022;02;0.0
7ac8f9b3e3dc5965306fe82bd0cd063ab714ef4e955b0e7b85034f058d435e58;2837633069;Primero;2022;02;8.142857142857142
7ac900845af7a831fd904aa2347685be6ec55aee2bfecf74c86a252d2b1d4db3;2837625929;Primero;2022;02;0.0
7ae6107e9dc1de9c70ea15630bc2ec18a081c62c1779da4967c35dfbd0343c2d;2837626450;Primero;2022;02;5.0
7bf8e6dfd941cbc5574695e536b667378031438ee7097f54118df9af4b123217;2837633032;Primero;2022;02;9.666666666666666
7c71d31c4836c7cc6eb9f14da86c2ab10f0fe100b4410a0e6761260f133a563a;2837632970;Primero CE;2022;02;7.0
7c7e2f297699e27c1bf44d6f81cb53380b228ff11ac6cea9c4e15934561e6661;2837632591;Primero;2022;02;8.333333333333334
7cd78bb7bb1e7a643d19e88097e67cf5b432bae76b911f3b004d795901727823;2837632176;Primero;2022;02;6.833333333333333
7d29825dd82850cf5b612776430f06e5f2773908fe2947ff9b34ee49265e4eb6;2837632591;Primero;2022;02;8.833333333333334
7deab033fbd257626f49eca4d7eba87a6d0bfd6dddf4b3a1fe660af47c2d8f7c;2837632176;Primero;2022;02;3.857142857142857
7ea190c86f538d4be423ae9d0356c7e7f736707a14054c644330e6a778b73bc7;2837633167;Primero;2022;02;5.666666666666667
7ef69f694c2c21495c28f7315dd40ff492985693b68c8aa5db81e42e3aeaf614;2837625929;Primero;2022;02;6.571428571428571
7f3c0350244403859acba9c11dab3985c1fb3b2d64e8ec2f2fa63a954498c820;2837633167;Primero;2022;02;8.0
7fcd80e4050461e2c1afe3588bddd9dc66b65d3de00bf5e7f590e6ebd105d0b2;2837632176;Primero;2022;02;4.428571428571429
80359caaa270990456d09f9f82bc5ebf5668e06db4a34b3d13ac64161a7b2952;2837629540;Primero;2022;02;6.2
80667b72d08e56f9d7ddff9e7d4b277b1601c9fe41d61a36900df8419766ff57;2837633069;Primero;2022;02;8.5
8091c65f7a89932c552439eb8138eb106f78560a7171d5325396d7b327a6b9af;2837632591;Primero;2022;02;0.0
80c611f4c723adaa263cf7311a29b25fe2a8d04fd67d7d3da58e23c14a95e433;2837633032;Primero;2022;02;7.333333333333333
80cdf1f28fc7ef48ad57afa72d996e9ae07c7a1c1576219116772e54a233835b;2837629540;Primero;2022;02;3.5
80f9566bfcf258a9b8c31c5002f16ae265be3c49ca83675b4481aee1ffdeceb2;2837626486;Primero;2022;02;6.833333333333333
8120ecb04a97f61dd8a4f898408b6e7023e17fe0473a93dbf00bc854b2c2c7b8;2837629540;Primero;2022;02;0.0
813dc3479d71a73ad044936e730bc4b16fe118919a91811bb2c9ea6ba1ceb148;2837632591;Primero;2022;02;7.666666666666667
81544f464f422515e1c02f12bb200b96eee284cbdf7b455efc223c7a5e2e0bd5;2837629540;Primero;2022;02;6.0
815c2d682e5db441875610ca6cb4fa432197f71414ff75599af23b49358f613d;2837633069;Primero;2022;02;6.0
816c7c1ee0847523f40589ffbd6f0006d6c243e86ddc7b311fb8c5b787eef79e;2837632591;Primero;2022;02;8.333333333333334
81e02419b27db5c0a42997c3faacb8321085c589de589488f5c56a5618f4c6e8;2837633032;Primero;2022;02;6.5
82790a58bdc72fd8a492f5841e30ca968a47e4785c3e4f19b65d40024acbb88b;2837628459;Primero;2022;02;8.0
8294ca236f1a274b7334edf990203cc0abbc347e68bb6d64a9b83b573863820c;2837633090;Primero;2022;02;8.0
829d41934dcf918715f16990bdc152b8781e61506aaeec3a68ecbcb790b9f21d;2837626486;Primero;2022;02;7.0
82b1e2650db6c2225c6d62464a30e713fa95cef4115beaf3e3e7677ca31d5353;2837629540;Primero;2022;02;9.25
83093134b27e2bcb3e8508376e9c89fc49aadc12a37e511352cf33ad74ba9aab;2837629540;Primero;2022;02;7.75
8376ca2f53a2674f3ee34b53eeb8bfd7e254d2eaf14c814681e4092cbd91242e;2837629448;Primero;2022;02;0.0
83ced558a0e111bc1e7d8e6c7a18ac19e3c450f9d9fdd0aba9398e00ede7e814;2837632970;Primero CE;2022;02;8.666666666666666
8432d1cacf856bf30b461ca05c31630277560fe26c5e07e6b0ac1a3ba443b2c5;2837632176;Primero;2022;02;6.0
843802b27e55173225ef64f3b8637c04e628eb187b05113497f9af0436319b6a;2837633032;Primero;2022;02;9.166666666666666
8504c6d1286fa4411dbf384091434b527928b7931e418f6bf31385e6fa2ce21a;2837632982;Primero CE;2022;02;6.2
850932ba7263548b7db37f7c8e2ce87429cf89d512eb130971a66616eddd25ba;2837625929;Primero;2022;02;0.0
85443cfdc1f689f6ebc331e6499a0272a33d5d51033ab97147aacd345fbc61ab;2837629540;Primero;2022;02;6.75
85cea60d645a3a6bf00d06c13c655be36e043fcb5fda2271b580de1d3db175d6;2837626450;Primero;2022;02;6.25
8645f67bf95bf4d80a1573d87b6bb23b4debd2e0de62e14d4937cf3b16df9c92;2837625929;Primero;2022;02;8.625
87866537961fe72195a6c66e971242dbd6d60d13ebc3db5491b1163b4809ac11;2837626486;Primero;2022;02;5.0
87b2689193bab7fdfdbe1ca5eed7ac328cad6db83787143996bc5346dd816e3a;2837632176;Primero;2022;02;8.833333333333334
87bcbca393f1b3e85ef615985a2b0d183e3c1ca01525efe742fd400f347b7ee6;2837629448;Primero;2022;02;4.714285714285714
884c1edcf1ae0b364346a0a9bbdfe57bba3fe8170ac2c79219657125d24723f8;2837629448;Primero;2022;02;8.714285714285714
88f742bd9ef7e77b0c34a01029fb0598e3b818e6b6e2a023cda021ab03aba01d;2837629448;Primero;2022;02;4.0
88fd93f6b4cf991aff3a7402d726d302c6a70c90457d745c34cbbe3ab23fced5;2837626486;Primero;2022;02;5.25
893de16145d81eed8598ddbaae7f9792e668f66e4aafc6613831fcb6126a2830;2837626368;Primero;2022;02;5.125
8944eabd9dcf60d10d65272757133cb91d28c9bd7dfd938e3d56b0113a6c1487;2837633032;Primero;2022;02;9.0
894833b5ce21206f9850a9c18a59fbda085ad7452cae90ad2789338996e5ede1;2837632176;Primero;2022;02;6.666666666666667
8980cdb1148c1905cafc606eb2390ac837fa7a765fe730ae287cb2bf3ff13ad6;2837633032;Primero;2022;02;0.0
89e135925e766558da6f3065e2312fde6b8331b8c1947da71e5888f9ecbb05fc;2837632591;Primero;2022;02;8.666666666666666
89f1c215983280413ecaa93fcb47256dc09feba81757a5ce2dbbb633005016d0;2837629448;Primero;2022;02;0.0
8a84bae88d7e504c6fad34c265e344aae18d07e83714c85b403dad62a584dd65;2837633069;Primero;2022;02;5.0
8a8806a9d619c14ac6d0c7af4341bbbd2643b4b02c6c426645ab9039ea541f79;2837626486;Primero;2022;02;6.571428571428571
8b7ef2dd1fcdd8fccc12bde7b2f72d06c24cebef9ad2dd5c497b3f07d1118cd5;2837629448;Primero;2022;02;8.0
8b9d5bcb8cd0f80304d8b84d3ebbf879b6786438b08ae320234a7028084790d9;2837632176;Primero;2022;02;7.857142857142857
8bfbd20e3dcf35e6130b19a1e7e07fa39c02107c9884596eb95ba3cb85d9d261;2837632591;Primero;2022;02;7.666666666666667
8c2c18bd8eaeedff2a8e56ddf62189797c087254604146b648d1ab4eb6475e47;2837629540;Primero;2022;02;9.4
8c9badd0c48f6a29fec2685400704c9cdbecade02bb39d41e053370cf31b9adf;2837633032;Primero;2022;02;0.0
8ca1031de3c30a525ff1bf575c16239ba4959cbe5f324ebb1e2b881fd87a19f2;2837632176;Primero;2022;02;3.4285714285714284
8d0cde91dcfbef75ef98bedb4542fba11acb0a2917b538186baceba7a1e946c7;2837633090;Primero;2022;02;5.0
8d46a2efac67fc9029c90d30a45099e18d265cc3ff4d1eaccf1cab3ab9806726;2837632176;Primero;2022;02;6.714285714285714
8db85579e7dc768dbbbdde58ce8a5afffa940f0975839297a960a7cf79f6b180;2837629448;Primero;2022;02;3.875
8e6e9a057807ab415b6370ae6ee3c44cbc8705e86282c89ee8e96818de094bf8;2837629448;Primero;2022;02;7.833333333333333
8eb23398958617e0629fa30619f88a46974a7c451cc994e960e8cdb942b87591;2837629540;Primero;2022;02;0.0
8f199bfd12993a480152f470f7e947e476e144b6bb1c6e793d4fb6f8f6229982;2837633069;Primero;2022;02;7.857142857142857
8fde6232cbf01505325abd97ddb8bf14cb109e4a4194dcef4196b139b6e03c04;2837633032;Primero;2022;02;0.0
900275ea095c258b6e0ec0989b41d556d61ef44c95678b00e9675cb86a7673d9;2837632591;Primero;2022;02;6.6
901a41739d0d2d865f83c032702c90c0ae3deed898a567ad0a9b7680ef477378;2837633090;Primero;2022;02;5.0
9090820d644a3e176a94be5a58e2b102ebd0f7f1204ef68707ef1f6898992a34;2837633167;Primero;2022;02;8.0
90e7f61e9c667f8cf30194f10c57723eac162822c159d93639d0cdbc8ef26d63;2837629448;Primero;2022;02;1.375
90f9dc8590004c0a0ab81ec00dd187d17ccb0098a6fc2d02db464404851d16b8;2837629540;Primero;2022;02;7.857142857142857
9136afc39e878a047ec0ebde38cfbefc1f37e291061f13d6d7b5c9725aaf27f8;2837632591;Primero;2022;02;1.6
91444592155a0e53d8e7671c923e6a7dc4515f9b1e13c4cecd43d2946b65b4eb;2837632176;Primero;2022;02;0.5714285714285714
9154af055cee7bf069b7bf1889b37580e7910f673bfaccf90806307b59ac6d53;2837632982;Primero CE;2022;02;8.8
9166ac43aa6b71e7eda719494ccd2b195eba4a8ae6497696e912eaf9e93eea41;2837626368;Primero;2022;02;7.75
9174bf0c358bb7b0c505f697c136a56a5c34cced0dc38aa52db40deefc54d285;2837633032;Primero;2022;02;9.5
918f02c079b80eaff9e0c0c2eea3abadeba2c986459a126320f6066951d0f7e8;2837632591;Primero;2022;02;6.666666666666667
922644ba8cf8c5b45c37c78dc47d212d6d2296041c563d8704de659de4a3a333;2837626486;Primero;2022;02;8.714285714285714
92c02ac0f5a8f9a8c3d11cf35c29d7436aa25ad54063625d2e9743ecb5b9e688;2837626486;Primero;2022;02;0.14285714285714285
933ac70d23961808e07cc50a46a5495214182c047269a754310b342b120ad526;2837633167;Primero;2022;02;8.0
9487189143f1d45c4a5f15ff898cca99b6b5c20175f99af18b27e0aa3a776e80;2837629540;Primero;2022;02;7.2
94bd7e826ba21aa0d64786fe47d5cf455b0dff4ddc1eb6847b29c91dc6488b3f;2837632591;Primero;2022;02;0.16666666666666666
94d05a89fb7b13d2d65207a9d9472be650cae8ee94d6edbd8dc419c5373a5094;2837629540;Primero;2022;02;0.0
94ff86f17111e7cd0259d9c325ef151852de24f2b07e09abd1073809c4d4f2f4;2837633032;Primero;2022;02;9.0
9558cc0a46e8e941e0e8918d0b7ccf2b67b4c3a973f96f6ae8dd60119999efba;2837632591;Primero;2022;02;0.0
95940aecfcb9985f1bd1c9d658551ac03ec74d51e699097e00120f9a2ae9fbb5;2837633069;Primero;2022;02;5.857142857142857
95ea3b974daefc0424b1d1841f948e76ee8830bfb741de7a4c32d374b0855762;2837632176;Primero;2022;02;6.0
96ac3d8e47dcd64ff082b6b488d11135a1cac905418db053d397789edbc512f9;2837628459;Primero;2022;02;8.75
96dcd36ce14f687f09ceb50e788e96017749ed8d4b5cdee368d450e48c692979;2837625929;Primero;2022;02;7.875
9793ee62bf9a18925a8a6595a0fd9086d8da2bf7f37f6ab9a5d42743bfe7b1fd;2837626368;Primero;2022;02;7.125
98275718852542cbf7b4a1d39e2c29e407c4df279cf0ce174a1a74aca824124b;2837633167;Primero;2022;02;6.285714285714286
983efb8a27b821d9c3a29e47d9bc60fa6642c138394714a5b2e42db51433e437;2837626486;Primero;2022;02;7.5
98a4c3ce324c9ea2114e6aa8e7b4c2de363f7a3b797b47515fff45db22fe6841;2837625994;Primero;2022;02;7.285714285714286
993949114866aeafeb07d634202311f767f3d39594d02ba10a66edf3f9fa30b8;2837633032;Primero;2022;02;3.3333333333333335
993ec4cc41108264a4058f99e91b6aff88955a88f72b3ded7855cb2485e5d65d;2837626486;Primero;2022;02;6.5
994484c7a81273f0abb8c1001b5be0d3d98371925ce71c1c4bbbf0c4578157e0;2837629448;Primero;2022;02;7.875
99ac1bb3ec2d8c98f2b1a8851cb2ea7486c888add9562b34923bbf05e463b1e7;2837632176;Primero;2022;02;9.0
9a57b793ae1996baea746661b8381687181fdfbc69b05bfd84db47abea624c24;2837628459;Primero;2022;02;7.25
9a9de5ad5fcd94a269634f284c2a8202bb9da32b5cc355eab94bc8764f56a074;2837629540;Primero;2022;02;7.0
9aa29f92b51309d6eae32abbe8751d618227becd5dd322f656e713a4f99c37f3;2837629448;Primero;2022;02;2.25
9ac7831215e6f5713043b3f4925a9f564dca18d210bae7510192fafbee5a4a05;2837625929;Primero;2022;02;0.0
9ad9dd1b231c4d63232a08948a2f95aeef7cecd8eee5d8f62e86682baf422bc1;2837633069;Primero;2022;02;5.333333333333333
9b3473e8ca4016970dd53d019c35d825e1eb102f4906207c2c65a9d515ea8521;2837633069;Primero;2022;02;9.714285714285714
9b575fb4668a6d508fbd364aec4f63ba1c60eea6cc1b92ee2913da6b2f26ffd3;2837625994;Primero;2022;02;7.875
9b5e00831e6e99f1c2e324f23f4e19953db754e93c91b391cf0e1d2e166ef7ec;2837633032;Primero;2022;02;8.666666666666666
9c4f1225731aa964040842d2b17d40742bdfce8c2e545e32e1f92b87a2815f12;2837633069;Primero;2022;02;7.571428571428571
9c58ec6ba74ec2e075835b0c0f069a4fb19ee5953fc9e5af4e0fd77800a4388f;2837625929;Primero;2022;02;5.375
9c85ca0843d8bb810ef1698c8688907e8123de0fa117dc41ff6bdfec6e825614;2837632176;Primero;2022;02;8.0
9cdf694c58822ccd3f82b79fc7a13cc20742eba483b1c88845da88e28bbb297e;2837625929;Primero;2022;02;0.0
9d4a34628f41da809656c7e209ac62b54e68b07157ae51737696c01e38aef2f9;2837632591;Primero;2022;02;4.6
9df949352a16ad5cc3f9a68ff6d94370c9867dcf428faa90c11227848a10e78c;2837632982;Primero CE;2022;02;7.2
9e3b5d010ff16b675c91dfec2ad4266abc97c2aa4c36e0d4fd5cf4c21ad62761;2837626017;Primero;2022;02;7.375
9e551942218feafac28f6827cfea4a573de44cef44ff0c5e2849f06f214be7e2;2837632591;Primero;2022;02;9.0
9ea32140e0ed0a10057c0b2969c8386852742257fdb0866f1382cab50b521e8a;2837629540;Primero;2022;02;7.0
9f8355f1ad9f905608ad6baa9e755f4b9d417b563f31180f450ad7e873ae23a3;2837633032;Primero;2022;02;2.4
9fba3bab1d4019715a435c7c346156c82211f6c2c119c59501131726650f8c9b;2837632176;Primero;2022;02;5.571428571428571
a030861169e77da05cfdfa751419007c03b959b7555eae9bb3bfb9e9b292c14a;2837625994;Primero;2022;02;8.428571428571429
a09ce6480f7edda02a4e3cdfa2d806fee5da3d1e5cbf58fa39f5c641631e3383;2837633069;Primero;2022;02;7.0
a18a57aaae2a25282ad4c7104c34a20d3d49f94fe65abd1f72e620dc79ab70b7;2837629540;Primero;2022;02;8.5
a1a34a59f008990d243f63be095184794e0b09603f37f315bceadaacc329f7e2;2837632591;Primero;2022;02;3.5
a2a69c582fc06cc170ec685bb495033c155b1fbf262c27f6f59125473eed2a87;2837632176;Primero;2022;02;8.0
a2bcf3b0d1e265ef5de7bbc8f3d2a3b13780a748d3a3381ca3d4cfbd9c13494b;2837633069;Primero;2022;02;7.714285714285714
a2cfda7d25f655b678c45febf8f5b8add93a7a36e2163fc46e6d69423e51c1dd;2837625994;Primero;2022;02;9.125
a2d4da2c2efc1cf75d400b41a4ee58a6e8b7e36e348f4231a0b9d7708d0d6def;2837626486;Primero;2022;02;8.8
a332955bfdec336977c74725adcf42f27c0a68591dabb1cb73b6b61fb0361225;2837629540;Primero;2022;02;7.6
a416c9a0fb2ddda07e61aa963e4cef895a88002c3b6f9d4be8cb6782930c6b65;2837633069;Primero;2022;02;3.1666666666666665
a42aeff7973063151217ba65c786868182358304f0bfd98abda1495dc1c38c8d;2837629540;Primero;2022;02;4.857142857142857
a47425b260dd144d0c0c154d606358e171a4b0f7b9fb44d8b66965f06e0151da;2837625929;Primero;2022;02;0.0
a52c2afa76a9600c2f667a369a602deadf05da6c81a1eab7cc18f93f1bd16914;2837629448;Primero;2022;02;6.0
a538671a6290dd76f325fa01ee27cc3af38fe0c55febf769270d83a4a05fc165;2837632176;Primero;2022;02;6.0
a54db62286305d5635be1d2ab45f810ca8e49513d890d543b9c5d24ccbc08019;2837632591;Primero;2022;02;5.5
a5fe65999879a16c1f4dc970c863da56daea887e3ad6e91b38a560fce9f12724;2837633069;Primero;2022;02;6.8
a633b63e4b9d64d8c8381dea2176b868dd154c09724dd1c072b0f2576ed2d4fc;2837625929;Primero;2022;02;0.5
a650812f927565478655943727d3be8fd8694be1c5007c95d2eacf238eb7922f;2837633090;Primero;2022;02;0.0
a7108314c4185c7dab7ac0f420b536e5c0af06e89bd5152ebfe65641b4868036;2837632176;Primero;2022;02;5.285714285714286
a738fc28b0986e5bdb748168263dedd4f4656d8f3de95101c8126b4f4dde7ff2;2837626368;Primero;2022;02;7.125
a758cf0899c4d49bf28a61def9051422982a4ca0e4e26a93585639f4737986b4;2837633032;Primero;2022;02;8.333333333333334
a7797103b32dc60f767961d4cfb7006eefe08c94eb5fec7f25337a6417e42f70;2837629540;Primero;2022;02;8.428571428571429
a779b5d7768a1b92bfcdc80e0a395aa0cf6ac87d630df41ff21ee5b95e4473af;2837625994;Primero;2022;02;6.875
a786e08ea40f23310da499a73d72c7361c50af92ea1870e42490d0a39f976fd1;2837632591;Primero;2022;02;0.0
a7ad0db14c5ffd480fe49e1e356c39282c661d7555290c53050323cf0bc3c400;2837626368;Primero;2022;02;7.0
a7f2ce43744573f6e25f3746908b7f70b0fbcb8d3aa91f44486cf0910c7b405e;2837629540;Primero;2022;02;6.142857142857143
a841dde489cdf1e91eda4d502fae7d11aeb811ffa27adbea203ceb50aa6510ad;2837626368;Primero;2022;02;7.5
a9008489a3ed3164c48c72975065e06099954ec9ef53041ef800607ce0bca4cd;2837628459;Primero;2022;02;6.0
a9584e99d4df67476d76813de62d861ebd0b6b4f2bb47d763e41a3a1af331e37;2837632982;Primero CE;2022;02;0.4
a994e3afc700b4e9b53fcc1e40392de820775b9e862059c5be55882e9797e7a9;2837632176;Primero;2022;02;8.571428571428571
a9e5554b0d27b4755794e96df93d2288361f923423360881044e30dab98f9f4d;2837625994;Primero;2022;02;5.857142857142857
aa08b5e97e69b595d790d99863cd9503469cf6a81de2f4781f09beaed6d93714;2837632970;Primero CE;2022;02;8.333333333333334
aa453628d5658b5df97fc3e7ff8ebfbdaf831c46da99907c8f4dc6c97168c155;2837629540;Primero;2022;02;7.0
aaab3bed6ab7ad86459f50bbe05272708b2f256ae9f4640a7803d805d3ad1a60;2837632591;Primero;2022;02;3.5
aaf90f95810930fccd2a823149633300fbe7b52449e328d1b4e2fe97c3cb5450;2837633069;Primero;2022;02;4.833333333333333
ac1d759e7d68820862f360a322736c40b3ade8717ccc40f173d3850fbf5c7d53;2837632176;Primero;2022;02;9.714285714285714
ac289253c3d90c3b272fe6d9391c9884c1087e7c411ead7f9aef076e94cad94b;2837633090;Primero;2022;02;5.666666666666667
acad840b08062c7487452d54f2aa268b26be58ff5e59373b5cd0179b8b99d6b3;2837633069;Primero;2022;02;0.0
ad566de326f7650a2ba79b0d4f5cdbc8d066559e6a9b860084025922638cd59c;2837629540;Primero;2022;02;0.0
ad64bf9d1fea49d69c472806c50b631f5aff69b09ff3032e1863c46ccd2ad7c1;2837629540;Primero;2022;02;7.428571428571429
ada8ac24805ca15440c0720c6ca12259e90794cf56fd8f245129b1b34aa5c225;2837626017;Primero;2022;02;0.0
adaa8cbbbd25ced247c2eed77171db7058ec4d2359856f3ccc4d35eda833baa4;2837632591;Primero;2022;02;7.5
adab56239ea7d3a02a896f059fed8a62e1cb5ca3007bb1fce49a7f6625e22573;2837629540;Primero;2022;02;8.0
aeca93d68e2491106084787331df8783935ec8006061b8dff23ba7f5d9386413;2837626486;Primero;2022;02;3.5714285714285716
aee24f64eb57e76084d837239fa28a03e9a45bc822892c1db6eb82ce4e82f102;2837629448;Primero;2022;02;7.0
aefcf7717f500ab809ea8964a2cbfe3f6ae5e9d55171a4b11d30e3622c1737dc;2837626450;Primero;2022;02;6.0
af170f0a34fbd32b709a82910961780265a6d45b0604bf7b5002859cf51a593a;2837633069;Primero;2022;02;0.0
af3fa68930d0359f3bf24f200a1f5e34d6d59a05554a0f3d0100ee8ac5f75b90;2837629448;Primero;2022;02;3.0
afb70edee7085eb092eed8601276a266329f3918d2762e590c9e60c61e7d8eaf;2837626368;Primero;2022;02;7.375
b0ae2f56ec760dbf03a74f6c6457bd239aecb48f720251a503bd2c72a5c8b40f;2837633032;Primero;2022;02;9.0
b121c87ac4d60eacb35a6bd85e1fdf7415803f0f18fd055d21b6f3798638f183;2837633069;Primero;2022;02;0.16666666666666666
b18aa60f68620667e51fe0f2894a0b9491a1ce812d65d99f29e2a57d6ceaa716;2837632176;Primero;2022;02;6.714285714285714
b1d018a3bf9bafe7dedc76f2be75de16773991d06160fdfbf2d6e9110c8dcaf4;2837632970;Primero CE;2022;02;8.0
b2a6ab1e187273bc663b4393190cbc2a3367ddc67c4ebd9e178acb4d35bfa08d;2837632176;Primero;2022;02;9.5
b2f35a56838fa81fd4e78abb2b725e26d714e8eb61a9991e9c574546cbc82886;2837629448;Primero;2022;02;7.875
b3befffb2f259920a24d206f318434b327f2d3a57cfff3af2ff16fcbbb65d627;2837633069;Primero;2022;02;0.5
b3d8337f5a5e1fe0a31246a72dacc2952c56f52cc2b2d70f7121774eaa3f2a9e;2837626486;Primero;2022;02;0.0
b44f4c796cd5db513b019de5b8df6e6a41b51fc2735d1e97dbbca345c98d318d;2837633032;Primero;2022;02;2.1666666666666665
b47d4b228c6a2f53c8b49279d2424fbf1d7b3da587579e7842bdbf5e03a472f2;2837632176;Primero;2022;02;8.428571428571429
b54b91defa7d7706dfd47d85c02e691866f6f0f07a31dcd18a4edc18f46c7f51;2837633167;Primero;2022;02;6.6
b58226145e7d3db29cccccef063622b65ec78f61f9380864d0800060c5c149bc;2837626486;Primero;2022;02;8.666666666666666
b5aadf599225ece16b4063522d2a27010f52c9aecdabd3238da099838fe4a27a;2837626368;Primero;2022;02;0.75
b629ee001482c20ae314a3d0f7ee06e2270f0ccff4391f915896edf3e33b71e7;2837632176;Primero;2022;02;8.571428571428571
b6cd1fd7deb8fc23e181c0acb0ebada11f294270c1b119b17033eaf0b89e9cff;2837628459;Primero;2022;02;8.5
b738fa76de361465daebd8ea5f55df263a1698ea0dc5cb8d852daff124fcd6e2;2837629540;Primero;2022;02;0.0
b76e66f9b95d8333f56dfe8bda5b760e7bc8444fd012a5562ce8492acbbb88e9;2837628459;Primero;2022;02;6.5
b794394feddb241d2fac4139e7c39f721fa9fd22aab0d5b1426cbd629899adab;2837633090;Primero;2022;02;5.0
b7e8126b792efae8017aa28ecc3f3bef366e63e6550ff7182fcc08a6c8d2b983;2837633167;Primero;2022;02;3.6666666666666665
b7eeab9d36bcb0049b08744a84c247a21ad339b74192e329c8eba48a6f6be0ed;2837629540;Primero;2022;02;5.25
b7f852c3edc41322817fd62ac9c8dc029f83acc16344d52e971155126e7cfbbf;2837629540;Primero;2022;02;0.0
b97a3288ea97858a1bf37cf0621b5a965fe06fb35974bf0af68ee9d353144059;2837625929;Primero;2022;02;6.75
b9cb609898854014718e33027aa52c60239447aa01d3fef9f150a03a069f23b9;2837629540;Primero;2022;02;7.714285714285714
b9cc5950c287d00d7d910f667e3fa2a65267f82f274140aacd20482c42fdd306;2837626017;Primero;2022;02;7.75
b9d02b1a9e4b9b47867f8445cc6c23f7bc033d7e1c2a9f17fad37c45c6c9ddb6;2837632982;Primero CE;2022;02;0.2
b9ee11ee01a80fda57a838a81921a7e9e3c0714397cacca56f457b8f30209a70;2837632176;Primero;2022;02;0.0
ba0bd400750f3549e36ccec9e9294d5350404d33d846598f52d0f4aeead8956f;2837633167;Primero;2022;02;8.571428571428571
ba89348567956ee57df9e3f8f075ee16879b533a8d6ba2dd61942fba63ca64e6;2837633032;Primero;2022;02;1.0
baaec7cef833b1e315fcae0f76aed3e333ccddc1f5c7e7a9ae5517119cfe79d6;2837628459;Primero;2022;02;7.0
bab293b769079a2e4bb7f6340e47b8141c153fcd40132f3f9ba4fccdb3464572;2837626450;Primero;2022;02;6.857142857142857
badd976202d4ffddd46d81809a338527affbf08373c5e6aa5914439726266b16;2837625994;Primero;2022;02;7.714285714285714
bb7242f7991a4635f4b4c1a79c9d50f884486af0b6cdfb011134d7c09dac8f7f;2837632176;Primero;2022;02;0.0
bd16ce74ea3242c8c3ccb7f2dfa65eb013de36b2850be260e791122a6e5d2071;2837632176;Primero;2022;02;8.857142857142858
bd6754827728fbda4842af702a9ff04e316398a29fbb6ee2960324cfef913a40;2837625929;Primero;2022;02;6.25
bd946a29d41aca29d5f3533d08bc6fcd5afb9e25ac31ce0234b7f3ac45e7ad8d;2837626486;Primero;2022;02;6.2
bd98bc1ca7cc336de5566308104cf45878fdf2165f696fcdc7e955c32b161462;2837625929;Primero;2022;02;6.6
bdb364549349cc8e5c4c42c73eaace0401b7d90c41d58807804ca9917006ce6f;2837629448;Primero;2022;02;7.25
be1d10428387979af3f8d2dcef385cf9daa6bb7adf857bf08cfadb839a1a3ad8;2837626450;Primero;2022;02;8.714285714285714
be36a495bbd5ede175d51aa5425051f10329fa1add9b058891913f05b54e898f;2837629448;Primero;2022;02;6.375
be9751345b9796a528ab5c306b245133f99a7c5722f8442c8e7bad7983db688d;2837626450;Primero;2022;02;3.6666666666666665
bf20299e77653eccabffe464b720c3e298a8490fae8e9d7693757ff504e6383b;2837633069;Primero;2022;02;0.0
bfaab4e2247d67165f488a9b709e879759552e9733956f6dc4e21c3bba73c6ea;2837632970;Primero CE;2022;02;6.333333333333333
c027a8823138eecbec692c9a7bf630a4a1111e938178ebb6586f04821d4e8d6b;2837625929;Primero;2022;02;0.0
c0db91c8f9b7e441281adf6dbdda918dede0b6ab2bbe4b6a455d46ff1b7659c5;2837626368;Primero;2022;02;7.375
c1180145d4c0413646e1941887e5c6fa8ba949d74086c7b980c1fd6f7b940740;2837632591;Primero;2022;02;5.2
c2123b51f75ac4337156fb44f39fd1303ebad0e3f285dab1caebf93b28636188;2837632591;Primero;2022;02;6.5
c21bfc149cca47ae2263dcf04242f72dac01d5b916619ae596fbf37c33a30dd3;2837628459;Primero;2022;02;9.75
c288d399591db3691ea363ddcf87f62910d5510093257dc211428c6a7b45dda8;2837633032;Primero;2022;02;0.0
c3024d66cc49a1b9bf1b76257382ff9e6000e81f4e1ab3a2d91216c8d8e93277;2837633069;Primero;2022;02;6.5
c3ac840c51092c0a3c8e81e93b7febfb7271eddab5da293eca4a64d320272789;2837625929;Primero;2022;02;7.125
c3ae623285d0d235abb48edaa2d0235fc040ed546c43e72bdcd2eaff51614abf;2837626486;Primero;2022;02;5.333333333333333
c3b1ca22e293b157c2881f8111542fd3d428c506695511ea154da8c1feb2cf40;2837626486;Primero;2022;02;7.5
c3e57597ebd54bae51b4467bb908685c312816d80727d784733e1f61be656523;2837626486;Primero;2022;02;8.714285714285714
c4521ae3d58522fdb1e61310b8296edeb01ba2f5563917ddc4e4f61acfd8f138;2837632176;Primero;2022;02;7.714285714285714
c5214a58c0aa4d6dc18fc60ada73d86e8c17c9922a59816a49dbb7e24aa076af;2837629448;Primero;2022;02;1.5
c5412a91b00d3e802c398b05c95741a778034bf77b132bcb1512ca328ac0ffa9;2837626368;Primero;2022;02;6.625
c550fe4047dfa97308a5d98d269d25a78972e589b2d6f22ff341c26b1b1220db;2837625994;Primero;2022;02;8.625
c5b6a93e3295540f7481faaf239c8694953adff8fccde3d6d55adb89643770c3;2837626486;Primero;2022;02;5.714285714285714
c6243d5d760070dd6d2cc327399ef99b824e2be49006f5aecd22e0b95e9d71c7;2837632591;Primero;2022;02;8.5
c6ce4232efab4a741a77eba8e25cb92d8529699909172be6233d3f751e91e7b4;2837632591;Primero;2022;02;4.6
c709479bdc68d6c23b47627796edb05b0ef9c59e5be65cbff404ac0a7a328328;2837633069;Primero;2022;02;6.571428571428571
c73a98e01cde0a351b202f47f7dfacf945b3757142d1696ca1e327e38627f1fc;2837632591;Primero;2022;02;1.1666666666666667
c78fba65badab3194ef87cd5137b2195d48cfd3dad9084430bb4f4dfbbd3bbe0;2837633069;Primero;2022;02;0.0
c7b8b410870800127d46bf399e013a28ad94db45aa36dc03d3f2dfecaa8eb5fd;2837632982;Primero CE;2022;02;7.2
c8a3cd4a5d3a622af3a5bbdf4362520fe0990002f733790d4aecc2a57f82f8e6;2837625929;Primero;2022;02;0.0
c9bb71c028d27105834e323de6f60a66dc390f13c0f3ec547731c556ace4a3df;2837632176;Primero;2022;02;6.0
cad922a9143c0d4718fe77e3e76353dd25377132655231565a487e47efbe5fdb;2837633069;Primero;2022;02;7.0
cb1016767febb5c296036ebfa2e14266bb0ce375071f9c65f747ed2333bbc883;2837626486;Primero;2022;02;6.714285714285714
cb164edaa5a4a1025dee39523a0194b8b0d3955b4432b6bc9129e10fb4ba5c8b;2837629540;Primero;2022;02;0.0
cb383cff5d76fdb23953007d7a3633a8e0f9213e2cdba0fdecd62ba2486a17b8;2837633069;Primero;2022;02;0.0
cbde061cb31abdc5005d38df3c1a2480fba6a03e289cac6e41f03b12b2480690;2837633090;Primero;2022;02;0.0
cc2357f39472007ad2f4ae12a66c8075daa1b5f9bdaba8ce4bb3612021155d74;2837626486;Primero;2022;02;1.4285714285714286
cc64cc67f50d4d3170a0fedc9b8fa6bee0f6f1a412f0c904f1fecffdbde39332;2837629448;Primero;2022;02;4.5
ccfe948495ff839d99458e69de0e590acca5cd083c28f2a61300c2d127e523ab;2837633032;Primero;2022;02;7.666666666666667
cd0d46bb1cbcdce1afa3ae34e82e58833092b50fee61abee42b905e0efd19195;2837633069;Primero;2022;02;9.571428571428571
cd12f6b30c30990ea808600bfe868718c050212e43e40b89b91b55bcd9079cb2;2837629540;Primero;2022;02;5.75
cdde982dd1dcef7c21411a4e650282878fcef148d40f69533627c124dd95f570;2837629540;Primero;2022;02;5.0
ce1703888175f29c649c15b40040b8fb75267babc6ac8673c727646c35dceea4;2837632176;Primero;2022;02;9.333333333333334
ce6af757bd8af899ca7fa7bf168a410ed3069e61661178673a714956275e5999;2837632176;Primero;2022;02;7.428571428571429
ce781b01d206b7bacd677512ceaac35e55470f9b3f342b5e3d3fea5af0edc510;2837632591;Primero;2022;02;6.0
ce9c11206966e77228bfd28d672f378f6d3135bf4a5ee99fa0fb0c79ab2c602f;2837632176;Primero;2022;02;8.714285714285714
cf8b03dd04072458aafdc8e3b4e9512d9c3615ea955206b926d253f535920b70;2837628459;Primero;2022;02;7.75
cfb0d73c6a7dd55f708fa85f012c0e578b85e7f291a611ea48643453cdcc6796;2837626368;Primero;2022;02;7.0
cffb63649b974abda5e744e6d7ffa3cbaf7bff432c088aecfa692597fa59a724;2837625994;Primero;2022;02;8.75
d09e248c22586e14762d599a82a68c642f77584485231c7b8be36da10b124d93;2837629448;Primero;2022;02;6.0
d0ccd5ae16239d644d48e6252608813ef642df9a7b0301945be92f551fd4579b;2837632176;Primero;2022;02;3.857142857142857
d15e546c5ec6dfdd5efd241789d10c210e4c731d581d0726afe7328cff995572;2837629448;Primero;2022;02;5.125
d1986f8b010375acf3727ad092675e04409301332ad59fe359e940103db2b0d9;2837625929;Primero;2022;02;7.428571428571429
d29d98a28b3d569e29cfa73dd8a1d4d526fb8502c8c47b1b165101da2fe69c7e;2837626486;Primero;2022;02;0.0
d2b31e5acbbec2dcd498dffd7bd897cf149fead806e1f079c0b689b12a81467d;2837626486;Primero;2022;02;7.0
d2b7c3f1ba238b9b1615d5f6eb0daa1eb0e424d4e8626f1f978b6c573ced1963;2837629448;Primero;2022;02;8.714285714285714
d311c90d609ceab498e3cbb8978b8e0181965512236744b4a4ad22553b41ddcb;2837632176;Primero;2022;02;6.571428571428571
d3b38892f218b226b075d3a369961f81c14449909e7b1d42098548b7d0767f11;2837629448;Primero;2022;02;7.8
d3b9b534856eab84cb5205e6fcba0e3abc5ff13c4aef2dede1ec7829d639234c;2837633032;Primero;2022;02;7.666666666666667
d3e209c9097eef4bcc61049d3973feef038ae829283d2c6deb72e10b7fa23123;2837629448;Primero;2022;02;6.625
d3f1f7a6d286d27d32435f43f2008549dd927300433935da246258b853676bb3;2837632176;Primero;2022;02;7.333333333333333
d43c5f0e40ef90120fa8ad8e021f2d9691dd869b7637d4342b581ea8775c2533;2837632591;Primero;2022;02;0.0
d488822043ae2a7b380abf6e21b58e154933a44d51cb68aaad55548174d08e94;2837632970;Primero CE;2022;02;0.0
d4a23d2fff25c5a0ab02b9f9be43d21c85557c5cf8837827ebf26c60520b926c;2837626368;Primero;2022;02;5.125
d4eff911c558a5b249da5a6cb608204219d259dab915a8ccdd1ee9838100c988;2837629540;Primero;2022;02;0.0
d52fcb6cfa67d53f12b3605658c6ffe55ef5cfeda42030cf0ade93a0f49e9015;2837626368;Primero;2022;02;6.625
d599fc8d36cc2562f2d40b80ec9f4f0df2df2bcd0f19b80e4a10f44c640c230e;2837632176;Primero;2022;02;6.666666666666667
d5c6b4fa5962eb23340afdbcccc42a6ef6f0b567fb9309532c58104fbf902744;2837629448;Primero;2022;02;0.0
d615455dbaec5a7f2e8dcba5a917389a8a7d37830a2e5a96d4ee381e349150bd;2837632591;Primero;2022;02;7.4
d6328d8d6672594166443e171b58151038922634745c39df08c20fac95e0a23e;2837633032;Primero;2022;02;0.0
d6509fd59afadbb5e3c5303238cb5ed2d884331f214727e26620dc5972b4ddbf;2837625929;Primero;2022;02;8.5
d661fde08f5ffb22d128ebf195974a377a3013933c05cc4a4e97abb54c10f97f;2837633069;Primero;2022;02;5.0
d67551296d47091db28e077153197440ba1f5d97d61972cd7dbc35e9dd32842b;2837632591;Primero;2022;02;6.4
d683414aa13781909f47451fc2ec8a37e9b0f4eb9153ccf1d6864f14a75e3f0b;2837625994;Primero;2022;02;7.375
d6bf1f474b7c14cf5ebcf533983ca0e238b38d2cba3031d1afebb7bdc77daac2;2837626017;Primero;2022;02;6.333333333333333
d72ff4407dfd02940c54af787c56a021eaea24a8bbe44bd3deb476d42eee6ae6;2837632591;Primero;2022;02;7.0
d82935673ef28b64fc88893e8b4be8041b38545a5080f58be8d5d86ba15264f9;2837629448;Primero;2022;02;3.125
d979ab0abdf50db54b42c1b9a597b476e1d2025b4cce26b8c1678fee145eabf0;2837632176;Primero;2022;02;0.0
d9944e088a41b8af69d03035fed8f1e68edf901358361df68cf547a27f621803;2837626486;Primero;2022;02;8.0
d9f41ff462b6b2d3296ecef8799441d2091e2c35520aefc3f23aa1900a58ae53;2837626450;Primero;2022;02;0.875
da21dfe7b3a187c3b854245a603ce945d064b3db1052c25927a480e52e57f902;2837632176;Primero;2022;02;5.285714285714286
da5a59edaf81fc8c76f9fcec06f22cbe094a2a21f2901f97f3bb5a383f47abc7;2837626486;Primero;2022;02;6.571428571428571
daaa2a50838b24f4bcfeee2157ec95589de356a04a9ad3581545bb9858298077;2837629448;Primero;2022;02;0.0
db0803e71030772f5bd9819531b55d83835f24cafa89abc5e32c527b52bed94f;2837629540;Primero;2022;02;9.25
db9187bf15ffd5ffcac7ac521354f65bd1860b63c25787b3eb515d689b80f2dd;2837626368;Primero;2022;02;4.75
dcedde0bb0de89e4af430817db51b2f744ac7181de9cc8a4b68fc2b2fca053c0;2837629448;Primero;2022;02;0.0
dd04a99848e52b4cb6b4ed71fc436b5a7e11a3a838b33e92627c6c93b2687877;2837629540;Primero;2022;02;6.0
dd074b877e5030e2ad3cfcebcec6a6cc8447d8786da48372b2bfd7933fbc5876;2837626017;Primero;2022;02;8.75
dd08ee036e8261d71b04251f24125a3882c7aa31dbdca072599e70fb8af9b165;2837632176;Primero;2022;02;8.0
dd1ad7025a32092a126e0393f702b10de3afc579395c07bbf858452ef908b213;2837628459;Primero;2022;02;9.25
dd5c38b5614eb86455496593c292bc5cd06f9e11269ffa4cc534764acd95ec73;2837632176;Primero;2022;02;5.142857142857143
dd5ddcad3eb7dc8961f6c04fa5d0ab2e851afb7ddc6b4a6dbfbdd31c0e618f96;2837626450;Primero;2022;02;8.571428571428571
dde45310e6a88ee13890cf067a4b64dc09e1bc8cfe1cefc25107740ed15b8efe;2837625994;Primero;2022;02;8.625
de0614260525ca7ae71b5487ee2cb0b05da8d77e41fb4dee8fd0d798b12729d2;2837632970;Primero CE;2022;02;8.0
de377404c6f7f4cacbac6d20c2f4fc559676b272d709928122ddd6084a81abef;2837629448;Primero;2022;02;0.0
deb38afcfa5a5191adf0c7da192d9c74389a81c416da73c42c46ff3382a3d38c;2837632591;Primero;2022;02;6.0
df47c4505a1c60e7bc31355d0635faab3faed08289e21b017a8efff8f8dd651e;2837625994;Primero;2022;02;7.875
df74519338e490c5e94b358ea5b42bd965044a3cb7b08ab3387b428bbb3b39b6;2837632176;Primero;2022;02;0.8571428571428571
dfcb5cdefe3dde0c59d6338a3a1e67c5bb88998a08e39aa6db04e5c406d65c76;2837632176;Primero;2022;02;7.285714285714286
e030c72917053f34ec6771e942b55b033a98581647ccb3aec25a2617484835e6;2837632591;Primero;2022;02;6.833333333333333
e03848ba0738f3a6e9c9e8845a5fbe57c6dfb688c54332d6b7435e555bbba8d3;2837629448;Primero;2022;02;2.875
e2488160f965e3a97eddeceaaaca80a67b5a2128c4556ca394bca0b200d315c0;2837626486;Primero;2022;02;7.428571428571429
e2b1bb2172ac8126164be83a47756d6a57d729f45065fa14303a4eb82d6423ba;2837632591;Primero;2022;02;8.0
e3134aeadce1ad7ae4d2dff9ed4ab2b8f884730ebcd66dffed63a4638c0278a3;2837629448;Primero;2022;02;9.125
e31a3d9b4604ff5b57bc5ae39c27aea9d902627e5a68cb57816b40cf8a0254b8;2837632176;Primero;2022;02;4.5
e33104a2c68ad1e07b02a50618cd754975277349835c28272ad2c5ee1651c0c9;2837625929;Primero;2022;02;0.0
e36787ef1ed5746a550f572da70c8bd88faf0247020762660647275de1944773;2837625929;Primero;2022;02;0.0
e39505743c4a86d80b4b5344e632d0eaa2a0b708861e8fa75f882602f5c5fbc7;2837626368;Primero;2022;02;5.875
e3bfb1c8ba0ede80710190469194acecd5420f786c67a4bcca3c9f3a519c1a01;2837632176;Primero;2022;02;6.333333333333333
e4265753f94a540f53fc48327b5414744adca152b5b4ca344a47a5eea78f4a41;2837633069;Primero;2022;02;0.0
e48c4550647419e6d43f56c99429db0273dabc06d7217a07670294581cbd8aaa;2837633069;Primero;2022;02;8.2
e48e609918a181243559c70d0e8f041d14312ede56e7819ebb458e3fa9712cd5;2837626017;Primero;2022;02;7.125
e516f511ef6ee6776d3ece0638bf9c2bb487cd9e62b188c6e53f805e6bed8da1;2837629540;Primero;2022;02;6.333333333333333
e5402960f607a70341522d8fcab1306dc883e24aa338ccf3b46ec57636fc1f3f;2837629540;Primero;2022;02;0.0
e59f77f0697e1bb517e6c9bc64d51cb6dd55e462f136a70178fcf4a2f6df8e09;2837633167;Primero;2022;02;6.0
e650ba8be4aa6bb2bf0c732d5b0fe63a1185ab77f57ceb5ee62af9ab1ef52a61;2837633167;Primero;2022;02;7.5
e721e7a0fdd4595faf2115598ce5b6bc9f2bb8d97694b5f2e583314772ac1e69;2837633069;Primero;2022;02;8.428571428571429
e84edd9274389601dc69d10f99d02056784417432119ad60438496f647d2916f;2837626368;Primero;2022;02;5.375
e8786cf87d27c5d117e559f9cadb184db3d987fe6409e50068bf2ec68ca0b1f2;2837628459;Primero;2022;02;8.5
e8ddf12fd0a461d5b7f07b3debfbd60b6ba04d4cef975c6abc4fe7a475723098;2837632176;Primero;2022;02;4.571428571428571
e8e0593ce6812e5beef74ba2b10b6b03c0079e31307a7376e06b467d2699bae6;2837633069;Primero;2022;02;9.333333333333334
e93fdec8abc689af18fb481f5782a743ae9dd17d900687177a69c680ec16b69a;2837632176;Primero;2022;02;4.4
e9c370ff29f7e72576c3fdd92edc74f7ca37bbc7f1ab0f1f7803f8d0dfe43ed5;2837626368;Primero;2022;02;6.25
e9d477219fe0a870df5a05947a592b16252d0766b09f9f3542bf7017f2af8747;2837626368;Primero;2022;02;5.625
ea3aa126acba86abf8efdc9483b4332f93bc0988d52917f7b76fb1bd0807b7de;2837633069;Primero;2022;02;6.0
ea65361fec387c87ebe87b2e738f7250c4b98434dd81a22a1457b95e4ae5c76d;2837625929;Primero;2022;02;8.625
ea7d4638d3201407f14a66cd6086a9f19b11b6d5093923131f61fe8b0b1bf991;2837626017;Primero;2022;02;0.0
eaa1a1f09fcb03d04a2a2f25af2c8079af0d5df08ade66ba03c4476e96acb275;2837626017;Primero;2022;02;4.714285714285714
eaf84f51df75948cefc2e1f27aebbaf8a03c31c78cf7dede812724c2ab495503;2837633167;Primero;2022;02;0.0
eb28201a2193cb79d47761b35285d98dda164d81faeea5a1ac0fc67507324472;2837625994;Primero;2022;02;9.0
eb8fe21e2667709b96f22076e615922b61c5ec782bc35151dcab8326c777a921;2837629540;Primero;2022;02;7.125
eb9d951cc4fb97e0acf6c9509529f619fac00485b4c3ff7a909d07caa67ee26e;2837633069;Primero;2022;02;0.0
eba3b2acfbdb9b14a9501b660b792448035e695bbe86956f50636b837b3d63e6;2837625929;Primero;2022;02;1.75
ebd7fb0bab05ff0f189b68616002a43fa53b5636de8ce729cc0570e95fd994a8;2837632591;Primero;2022;02;9.6
ec0ec12bd3e17aec71bc718c9c1405acd7181a6b48e728ccacd9ea174230ffd9;2837632176;Primero;2022;02;6.857142857142857
ec9caa2f2d78aac7c738f28b47af8a7ddb09171b4bc53a7abb263a27fcde7c58;2837633069;Primero;2022;02;9.285714285714286
ecccd1ad4d7f31e3b1de885df257b47092d81671f79700ee722f5f551f53769b;2837633032;Primero;2022;02;0.0
ecee9a0d58ce0cfa548b314b3c2b26acd74e88ed57a53e4f2a411473f042eec5;2837632970;Primero CE;2022;02;0.0
ed678287c920ddc7789eb2544b14b3a9b1e0c6bc148e13f1844150d44379b12a;2837625929;Primero;2022;02;5.0
ed91470c71986d7fda8307d64bf909d16f75d49d7f81ac84bce75ba26888e598;2837629540;Primero;2022;02;0.0
eda8fc183f1ed69ece612d452010e98856ac4de5830f47981b4829269796468c;2837629540;Primero;2022;02;7.428571428571429
edbee186796190e183d53b1c976ebc7387f8275bb3f5993b40d4ec73536b9132;2837632591;Primero;2022;02;8.666666666666666
edf249e39070a4fd18ef8f789663212290cbb5e67424f6a0f2734489b25f37ca;2837632176;Primero;2022;02;9.0
ee6a4e788075408aa15075ac7b7c006842e3a55493c05272c79329b3928c86cc;2837629540;Primero;2022;02;3.0
ee7a9f1890e54a3919874f05c546f06c3be68a611239673afcb5c3fd12c598a6;2837632176;Primero;2022;02;8.0
ee97022887c0b3c063af6ceaca52ea522014e77a37f5297682d909b301761fdc;2837626017;Primero;2022;02;8.285714285714286
ef0b6c713cf7a4077b9ed906c270bbd60151418a1d1d42e24e3fa26419ba33f3;2837629540;Primero;2022;02;3.625
efb972642dff37c70a7d6f755d9c75c1ee4396cf3ffcaef9563edbbbb5dc03f5;2837626368;Primero;2022;02;6.875
efbe749d49ca464aeef044343ee0121c86d94ca5bd298e78a835a57759fea585;2837629540;Primero;2022;02;3.0
efbfc85517aa26e598315771b06b9cae141d73f65ec19f5ef75514b6555dae92;2837626486;Primero;2022;02;5.571428571428571
eff9aba1cb68c5003fe6bf58f3b3e3f59ca7ce8fdd765d97577ccc4ef64e23a4;2837632982;Primero CE;2022;02;8.8
effc724828a1fd9673c6bdde38361d48ca7a74c9dd4446fe0bef20d5e46d58b5;2837632176;Primero;2022;02;7.333333333333333
f02f63f9e2703f310e66acec297e3a5a6588fddd6c64f01ca437c247a38468d1;2837632176;Primero;2022;02;0.0
f03063502760b6ba75b69ff2451ca718d32f2ff7b5b1bec8f7559a021680d044;2837632176;Primero;2022;02;7.666666666666667
f1413e5808cc12bb365a7206fac01f3e012fc209409aa6ebf8e8328c870f865e;2837626450;Primero;2022;02;8.625
f15b80b784fbf7d893556667d895c00bd491e23a95f36407142d00682c7f1ac0;2837632982;Primero CE;2022;02;8.2
f1bfd45fc70bf035a0306e48bfc18a6c3b82be6980214a81b8cd71dce93d37c2;2837633090;Primero;2022;02;2.0
f208e1f85bf8ade2dece588aaa48d38bc02374eb7f7c04137824ddae8e7b500d;2837625929;Primero;2022;02;0.0
f27adc706a66b7e334834eebf627c5715a121a1c0514f708e732d061b1bd0904;2837632176;Primero;2022;02;0.0
f3349b7d8ff7211323440e94ae02110cb17a7e2f7df0ca3bf1c0b95769b7697a;2837632176;Primero;2022;02;6.166666666666667
f33993ea3f2b1f471a4869db8e3ead2ecbf2db7a0e9efcdbee7434c83b32d375;2837626368;Primero;2022;02;7.75
f361f8071df73aca1df220b9399ef9f4b690848fd8d03ec5ddf434e12419f2ff;2837633069;Primero;2022;02;0.0
f3638409ee51806a6dd793a0b7ae82481cbd8c2b10c5eaf3275e0c1e25987b86;2837628459;Primero;2022;02;7.0
f3f976509b5888ea85424f845beeec960521c0298643d7003f913ffe7507742d;2837626486;Primero;2022;02;8.166666666666666
f40310fc5dbccb4543ed7ac2f99791ab074262a8bfd06c40c91677ef23c76778;2837625929;Primero;2022;02;0.0
f40f590d1ff9113acd0855744e8604155c335f0029f0282c8027d460882e8fdb;2837629448;Primero;2022;02;5.375
f5165f0ac9eefe567d38e68b02c4489b09dbef2885a73ce8744914c33869a067;2837632982;Primero CE;2022;02;0.0
f532f38c7462aecd13b484c411cb85f4494f3627c8fd440149a82e7287c9e603;2837629540;Primero;2022;02;7.625
f5505edfb71dcfbacd772c4da80d75c3053ebf3730fc4f96ac5cbc3fec178031;2837633032;Primero;2022;02;4.75
f56b313bda0f7df5a1dc78aadb77c7ca83f85a69c465c55dfe347d7097cbb9be;2837633069;Primero;2022;02;0.5
f598f9af4edc516c6d0fdcd4a4da107ccbfebad1dfa9f9e3892d5c6cc4332da7;2837632982;Primero CE;2022;02;7.4
f6c8435491d9397653eba274971414fc3b3a8d6b119fc95f4fe5e44ed24151fe;2837632176;Primero;2022;02;5.333333333333333
f6e6a056841361c10eaf4dac0a106dfaed33f72abf288cf516cc3ad217c6d50d;2837633069;Primero;2022;02;7.666666666666667
f70fc3a5b723461a92c2faced182597fdc6e547dbd66655c1add3a43c3fdf453;2837632982;Primero CE;2022;02;7.2
f735cf1c43c8d9b884b376707257e5020edb0f1a22a30086e69797e77db6ca44;2837632176;Primero;2022;02;3.6666666666666665
f7558a0e482918a7df9874619d25cb8646db36e0220c84a0f435f326fa30ef9b;2837632176;Primero;2022;02;6.285714285714286
f790e15a85e2121ec1d57c1288485dc97f9c666e8daed72b31ff080b8fb9d992;2837628459;Primero;2022;02;6.75
f79483dc9c53f6cac3a6405f4a7c0f9105396434bb713ae779a0d6121f84bbcf;2837626486;Primero;2022;02;0.3333333333333333
f7f9879e9b3f4d737793296b17a2e8b21717b21ee7106bc22a2dfd6d47eca3bb;2837629448;Primero;2022;02;0.0
f8085bf79e03e6bf098d63703e5010ab20302e93bd7c6a3f486b178407bd9635;2837628459;Primero;2022;02;8.75
f8b28692264bfcfa94acc3776da003b8881fe92608116efb681a489cc3be3e57;2837632176;Primero;2022;02;0.0
f98fc343a7cebdcd7c05b511981776ead7485934679e5f0f06b9e1270745de9d;2837632591;Primero;2022;02;9.0
fa1b0bcf33fde8649922ab4a1d9365d0c3ffb2c3a68107d580603424e219615e;2837626486;Primero;2022;02;5.333333333333333
faa7de7d20a272ad2dc58f4aa089c614436fe9d94d41d610cb37fef4acf20673;2837632982;Primero CE;2022;02;8.6
fbedb988ce7923d95b370ef0e25684a09e5727aa9d56fef528fceaa072b7582b;2837632591;Primero;2022;02;4.4
fbfeee09b86e8575ba823ea474d438e042b259e6dd1a92be6efeed7b4503bf86;2837626486;Primero;2022;02;8.571428571428571
fc13face42f24f1120bd4934ea679d3f57214eafefb1d698a1b3c3c8e282ee16;2837629540;Primero;2022;02;8.0
fd055c7bde9a3223403ed806cf93dabb7d8c8e80540a45e742cac982e5e8dc1c;2837632591;Primero;2022;02;6.833333333333333
fd45138c4edb1981cad6d74d7c79b45042f79c154dce6e572ee48bae0cbc6633;2837626486;Primero;2022;02;7.142857142857143
fd71564b0b0502601ef5eaf6fb0de1c7e8e5122665f607f4d9996b757db9731b;2837633069;Primero;2022;02;0.0
fda88a50db4af4000c7729a908c68177eaabffb2de6616c6287ddddfb4eec49a;2837632591;Primero;2022;02;6.666666666666667
fdb865cb17a2df01a57c4996d97687f4ca7ecd6136eba6467e07cfce3686e4f0;2837626486;Primero;2022;02;4.285714285714286
fe56b6c7b79105e4feca3ff4606e0cee186a564a5f255413ca399117a698b309;2837633032;Primero;2022;02;9.4
fe74fcbb11d56ddb90e290886aaaccd9b210ff6e28676b46b1d9b5c0a436a16b;2837629540;Primero;2022;02;6.0
fed64f186df0f54047fbbe0094464ae3adaa821da13aaa58d5c6c7250ddc061c;2837632591;Primero;2022;02;4.166666666666667
ff364688bb5f36168ce8d8b953f480d29f8ca91a889bf71c61cbe8d9c0b6c6dd;2837632176;Primero;2022;02;4.714285714285714
ff6326e393660d91e219e43d98f99a69508769a39b1edad92dad22f65e07e504;2837633167;Primero;2022;02;7.571428571428571
ffa6be7a3a4011cee770906e750e854270fcefd1c82304e861953c4b80c336de;2837626486;Primero;2022;02;4.833333333333333
ffcaa4c68b4cb215fc0cebd1216161de4ce38fd7b9faf9d20b5d99bd4af06872;2837626368;Primero;2022;02;8.125
